,Число месяца,UTC,T,dd,FF,ww,N,vv,U,PPP,hhh,month
0,1,00:00:00,0.0,,0,,,10.0,,1015.0,,1
1,1,00:30:00,0.0,,0,,,10.0,,1015.0,,1
2,1,01:00:00,0.0,С-З,2,,,10.0,,1015.0,,1
3,1,01:30:00,0.0,С-З,2,,,10.0,,1014.0,,1
4,1,02:00:00,-1.0,С-З,2,,,10.0,,1014.0,,1
5,1,02:30:00,-1.0,С-З,3,,,10.0,,1014.0,,1
6,1,03:00:00,0.0,Северный,2,BR,8.0,04.Бер,,1015.0,360.0,1
7,1,03:30:00,0.0,Северный,2,BR,8.0,04.Чер,,1015.0,360.0,1
8,1,04:00:00,0.0,С-З,2,BR,8.0,04.Кві,,1015.0,300.0,1
9,1,04:30:00,0.0,С-З,1,BR,8.0,04.Тра,,1015.0,300.0,1
10,1,05:00:00,0.0,С-З,1,BR,8.0,04.Кві,,1015.0,300.0,1
11,1,05:30:00,0.0,,0,BR,8.0,03.Бер,,1015.0,300.0,1
12,1,06:00:00,0.0,,0,BR,8.0,3.0,,1015.0,360.0,1
13,1,06:30:00,0.0,С-З,1,BR,8.0,03.Січ,,1016.0,360.0,1
14,1,07:00:00,0.0,С-З,2,BR,8.0,04.Кві,,1016.0,570.0,1
15,1,07:30:00,0.0,С-З,2,,,10.0,,1016.0,,1
16,1,08:00:00,0.0,С-З,3,,,10.0,,1016.0,,1
17,1,08:30:00,0.0,С-З,3,,,10.0,,1016.0,,1
18,1,09:00:00,1.0,С-З,3,,,10.0,,1016.0,,1
19,1,09:30:00,1.0,С-З,4,,,10.0,,1015.0,,1
20,1,10:00:00,1.0,Северный,4,,,10.0,,1015.0,,1
21,1,10:30:00,1.0,Северный,5,,,10.0,,1015.0,,1
22,1,11:00:00,3.0,С-З,4,,,10.0,,1015.0,,1
23,1,11:30:00,3.0,Северный,5,,6.0,10.0,,1015.0,1200.0,1
24,1,12:00:00,3.0,С-З,5,,6.0,10.0,,1015.0,990.0,1
25,1,12:30:00,3.0,С-З,5,,6.0,10.0,,1015.0,990.0,1
26,1,13:00:00,3.0,С-З,4,,2.0,10.0,,1016.0,990.0,1
27,1,13:30:00,3.0,С-З,3,,4.0,10.0,,1016.0,990.0,1
28,1,14:00:00,1.0,С-З,5,,4.0,10.0,,1016.0,990.0,1
29,1,14:30:00,1.0,С-З,4,,4.0,10.0,,1016.0,1260.0,1
30,1,15:00:00,0.0,С-З,3,,4.0,10.0,,1017.0,1290.0,1
31,1,15:30:00,0.0,С-З,4,,4.0,10.0,,1017.0,1290.0,1
32,1,16:00:00,0.0,С-З,3,,4.0,10.0,,1017.0,1290.0,1
33,1,16:30:00,0.0,С-З,3,,4.0,10.0,,1017.0,1380.0,1
34,1,17:00:00,1.0,С-З,3,,,10.0,,1018.0,,1
35,1,17:30:00,1.0,С-З,3,,,10.0,,1018.0,,1
36,1,18:00:00,1.0,С-З,4,,,10.0,,1018.0,,1
37,1,18:30:00,1.0,С-З,4,,,10.0,,1018.0,,1
38,1,19:00:00,1.0,С-З,5,,,10.0,,1018.0,,1
39,1,19:30:00,1.0,С-З,5,,,10.0,,1018.0,,1
40,1,20:00:00,-1.0,С-З,5,,,10.0,,1018.0,,1
41,1,20:30:00,-1.0,С-З,4,,,10.0,,1018.0,,1
42,1,21:00:00,-2.0,С-З,4,,,10.0,,1018.0,,1
43,1,21:30:00,-2.0,С-З,4,,,10.0,,1018.0,,1
44,1,22:00:00,-2.0,С-З,4,,,10.0,,1019.0,,1
45,1,22:30:00,-2.0,С-З,4,,,10.0,,1019.0,,1
46,1,23:00:00,-2.0,С-З,4,,,10.0,,1019.0,,1
47,1,23:30:00,-2.0,С-З,3,,,10.0,,1019.0,,1
48,2,00:00:00,-2.0,С-З,3,,,10.0,,1020.0,,1
49,2,00:30:00,-3.0,С-З,3,,,10.0,,1020.0,,1
50,2,01:00:00,-5.0,Западный,4,,,10.0,,1020.0,,1
51,2,01:30:00,-5.0,С-З,3,,,10.0,,1020.0,,1
52,2,02:00:00,-5.0,С-З,3,,,10.0,,1020.0,,1
53,2,02:30:00,-5.0,С-З,3,,,10.0,,1020.0,,1
54,2,03:00:00,-6.0,С-З,4,,,10.0,,1020.0,,1
55,2,03:30:00,-6.0,С-З,3,,,10.0,,1021.0,,1
56,2,04:00:00,-6.0,С-З,2,,,10.0,,1021.0,,1
57,2,04:30:00,-6.0,,0,,,10.0,,1021.0,,1
58,2,05:00:00,-6.0,,0,,,10.0,,1021.0,,1
59,2,05:30:00,-6.0,,0,,,10.0,,1021.0,,1
60,2,06:00:00,-6.0,,0,,,10.0,,1021.0,,1
61,2,06:30:00,-6.0,Ю-З,2,,,10.0,,1022.0,,1
62,2,07:00:00,-5.0,Ю-З,1,,,10.0,,1022.0,,1
63,2,07:30:00,-5.0,Западный,2,,,10.0,,1022.0,,1
64,2,08:00:00,-2.0,Западный,2,,,10.0,,1022.0,,1
65,2,08:30:00,-2.0,Западный,2,,,10.0,,1022.0,,1
66,2,09:00:00,0.0,Западный,3,,,10.0,,1022.0,,1
67,2,09:30:00,0.0,Западный,1,,,10.0,,1021.0,,1
68,2,10:00:00,1.0,Западный,3,,,10.0,,1021.0,,1
69,2,10:30:00,1.0,Ю-З,4,,,10.0,,1021.0,,1
70,2,11:00:00,1.0,Западный,4,,,10.0,,1021.0,,1
71,2,11:30:00,1.0,Западный,3,,,10.0,,1021.0,,1
72,2,12:00:00,1.0,Западный,3,,,10.0,,1021.0,,1
73,2,12:30:00,1.0,Западный,3,,,10.0,,1021.0,,1
74,2,13:00:00,2.0,Западный,3,,,10.0,,1021.0,,1
75,2,13:30:00,2.0,Ю-З,2,,,10.0,,1021.0,,1
76,2,14:00:00,2.0,Южный,2,,,10.0,,1021.0,,1
77,2,14:30:00,2.0,Ю-З,2,,,10.0,,1021.0,,1
78,2,15:00:00,0.0,Южный,2,,,10.0,,1021.0,,1
79,2,15:30:00,0.0,Южный,2,,,10.0,,1021.0,,1
80,2,16:00:00,1.0,Южный,2,,,10.0,,1021.0,,1
81,2,16:30:00,1.0,Южный,2,,,10.0,,1021.0,,1
82,2,17:00:00,1.0,Южный,2,,,10.0,,1021.0,,1
83,2,17:30:00,1.0,Ю-З,2,,,10.0,,1020.0,,1
84,2,18:00:00,1.0,Ю-З,3,,,10.0,,1021.0,,1
85,2,18:30:00,1.0,Ю-З,2,,,10.0,,1021.0,,1
86,2,19:00:00,1.0,Ю-З,2,,,10.0,,1020.0,,1
87,2,19:30:00,1.0,Ю-З,2,,,10.0,,1020.0,,1
88,2,20:00:00,1.0,Ю-З,3,,,10.0,,1020.0,,1
89,2,20:30:00,1.0,Ю-З,3,,,10.0,,1020.0,,1
90,2,21:00:00,0.0,Ю-З,2,,,10.0,,1020.0,,1
91,2,21:30:00,0.0,Ю-З,1,,,10.0,,1020.0,,1
92,2,22:00:00,1.0,Ю-З,2,,,10.0,,1020.0,,1
93,2,22:30:00,1.0,Западный,1,,,10.0,,1020.0,,1
94,2,23:00:00,1.0,Ю-З,3,,,10.0,,1020.0,,1
95,2,23:30:00,1.0,Ю-З,2,,,10.0,,1020.0,,1
96,3,00:00:00,1.0,Ю-З,2,,,10.0,,1020.0,,1
97,3,00:30:00,1.0,,0,,,10.0,,1020.0,,1
98,3,01:00:00,0.0,Южный,1,,,10.0,,1021.0,,1
99,3,01:30:00,0.0,Ю-В,1,,,10.0,,1021.0,,1
100,3,02:00:00,0.0,Ю-В,2,,,10.0,,1020.0,,1
101,3,02:30:00,0.0,Переменный,2,,,10.0,,1020.0,,1
102,3,03:00:00,0.0,Переменный,2,,,10.0,,1020.0,,1
103,3,03:30:00,0.0,Ю-В,2,,,10.0,,1020.0,,1
104,3,04:00:00,0.0,Южный,2,,,10.0,,1020.0,,1
105,3,04:30:00,0.0,Южный,2,BR,8.0,04.Вер,,1020.0,3000.0,1
106,3,05:00:00,0.0,Ю-З,3,BR,8.0,5.0,,1021.0,3000.0,1
107,3,05:30:00,0.0,Южный,4,,,10.0,,1021.0,,1
108,3,06:00:00,0.0,Южный,4,,,10.0,,1021.0,,1
109,3,06:30:00,1.0,Южный,5,,,10.0,,1021.0,,1
110,3,07:00:00,1.0,Южный,4,,,10.0,,1021.0,,1
111,3,07:30:00,2.0,Южный,4,,,10.0,,1021.0,,1
112,3,08:00:00,2.0,Южный,5,,,10.0,,1021.0,,1
113,3,08:30:00,3.0,Ю-З,5,,,10.0,,1020.0,,1
114,3,09:00:00,3.0,Ю-З,5,,,10.0,,1020.0,,1
115,3,09:30:00,4.0,Южный,5,,,10.0,,1019.0,,1
116,3,10:00:00,4.0,Ю-З,5,,,10.0,,1019.0,,1
117,3,10:30:00,5.0,Ю-З,5,,4.0,10.0,,1019.0,780.0,1
118,3,11:00:00,5.0,Ю-З,6,,4.0,10.0,,1019.0,780.0,1
119,3,11:30:00,5.0,Ю-З,6,,,10.0,,1018.0,,1
120,3,12:00:00,5.0,Ю-З,5,,,10.0,,1019.0,,1
121,3,12:30:00,5.0,Ю-З,5,,,10.0,,1019.0,,1
122,3,13:00:00,5.0,Ю-З,4,,,10.0,,1019.0,,1
123,3,13:30:00,4.0,Ю-З,5,,,10.0,,1018.0,,1
124,3,14:00:00,4.0,Ю-З,4,,,10.0,,1019.0,,1
125,3,14:30:00,3.0,Ю-З,5,,,10.0,,1019.0,,1
126,3,15:00:00,3.0,Западный,4,,,10.0,,1019.0,,1
127,3,15:30:00,3.0,Ю-З,4,,,10.0,,1018.0,,1
128,3,16:00:00,3.0,Ю-З,4,,,10.0,,1018.0,,1
129,3,16:30:00,3.0,Ю-З,5,,,10.0,,1019.0,,1
130,3,17:00:00,3.0,Западный,4,,,10.0,,1019.0,,1
131,3,17:30:00,3.0,Западный,4,,,10.0,,1019.0,,1
132,3,18:00:00,3.0,Западный,4,SHRA,4.0,10.0,,1019.0,990.0,1
133,3,18:30:00,2.0,Западный,3,SHRA,4.0,10.0,,1019.0,990.0,1
134,3,19:00:00,2.0,Западный,4,,4.0,10.0,,1019.0,780.0,1
135,3,19:30:00,3.0,Западный,4,,4.0,10.0,,1019.0,780.0,1
136,3,20:00:00,3.0,С-З,4,,6.0,10.0,,1019.0,600.0,1
137,3,20:30:00,3.0,С-З,4,,4.0,10.0,,1019.0,540.0,1
138,3,21:00:00,3.0,С-З,4,,4.0,10.0,,1020.0,540.0,1
139,3,21:30:00,3.0,С-З,5,,6.0,10.0,,1019.0,630.0,1
140,3,22:00:00,3.0,С-З,4,,6.0,10.0,,1020.0,780.0,1
141,3,22:30:00,3.0,С-З,4,,8.0,10.0,,1020.0,690.0,1
142,3,23:00:00,3.0,С-З,4,,2.0,10.0,,1020.0,690.0,1
143,3,23:30:00,3.0,С-З,3,,,10.0,,1020.0,,1
144,4,00:00:00,3.0,,0,,,10.0,,1020.0,,1
145,4,00:30:00,3.0,,0,,,10.0,,1020.0,,1
146,4,01:00:00,3.0,,0,BR,6.0,04.Лют,,1020.0,1290.0,1
147,4,01:30:00,2.0,Западный,2,BR,6.0,02.Лип,,1020.0,1290.0,1
148,4,02:00:00,2.0,С-З,1,BR,6.0,01.Вер,,1019.0,1290.0,1
149,4,02:30:00,1.0,Западный,2,BR,4.0,01.Січ,,1020.0,1290.0,1
150,4,03:00:00,1.0,Западный,1,FG,,0.4,,1020.0,,1
151,4,03:30:00,1.0,Ю-З,2,FG,,0.1,,1020.0,,1
152,4,04:00:00,-1.0,Западный,2,FZ,,0.1,,1020.0,,1
153,4,04:30:00,-1.0,Ю-З,2,FZ,,0.1,,1020.0,,1
154,4,05:00:00,-1.0,Западный,2,FZ,,0.1,,1020.0,,1
155,4,05:30:00,-1.0,Западный,2,FZ,,0.1,,1020.0,,1
156,4,06:00:00,-1.0,Переменный,2,FZ,,0.1,,1020.0,,1
157,4,06:30:00,-1.0,Ю-З,2,FZ,,0.1,,1020.0,,1
158,4,07:00:00,-1.0,Ю-З,2,FZ,,0.1,,1020.0,,1
159,4,07:30:00,-1.0,Ю-З,3,FZ,,0.1,,1020.0,,1
160,4,08:00:00,0.0,Ю-З,3,FZ,,0.1,,1019.0,,1
161,4,08:30:00,0.0,Ю-З,4,FZ,,0.1,,1019.0,,1
162,4,09:00:00,1.0,Ю-З,3,FG,,0.1,,1018.0,,1
163,4,09:30:00,1.0,Ю-З,4,FG,,0.4,,1018.0,,1
164,4,10:00:00,2.0,Ю-З,4,BR,8.0,02.Січ,,1017.0,90.0,1
165,4,10:30:00,2.0,Ю-З,5,,8.0,10.0,,1017.0,120.0,1
166,4,11:00:00,3.0,Ю-З,6,,8.0,10.0,,1017.0,120.0,1
167,4,11:30:00,3.0,Ю-З,5,BR,8.0,04.Сер,,1017.0,120.0,1
168,4,12:00:00,3.0,Ю-З,4,BR,8.0,03.Кві,,1017.0,120.0,1
169,4,12:30:00,3.0,Ю-З,5,BR,8.0,03.Січ,,1017.0,120.0,1
170,4,13:00:00,3.0,Ю-З,5,BR,8.0,04.Тра,,1017.0,120.0,1
171,4,13:30:00,3.0,Ю-З,4,FG,,0.5,,1016.0,,1
172,4,14:00:00,2.0,Ю-З,4,FG,,0.2,,1016.0,,1
173,4,14:30:00,2.0,Южный,3,FG,,0.2,,1016.0,,1
174,4,15:00:00,2.0,Южный,4,FG,,0.1,,1016.0,,1
175,4,15:30:00,2.0,Южный,3,FG,,0.1,,1015.0,,1
176,4,16:00:00,2.0,Южный,4,FG,,0.2,,1015.0,,1
177,4,16:30:00,2.0,Южный,4,BR,8.0,01.Чер,,1015.0,90.0,1
178,4,17:00:00,3.0,Южный,5,BR,8.0,01.Вер,,1015.0,90.0,1
179,4,17:30:00,3.0,Южный,5,FG,,0.8,,1014.0,,1
180,4,18:00:00,4.0,Южный,6,BR,8.0,01.Сер,,1014.0,120.0,1
181,4,18:30:00,4.0,Ю-З,8,BR,8.0,01.Лип,,1014.0,120.0,1
182,4,19:00:00,4.0,Ю-З,6,BR,8.0,03.Лют,,1014.0,120.0,1
183,4,19:30:00,4.0,Ю-З,6,BR,8.0,04.Вер,,1013.0,120.0,1
184,4,20:00:00,4.0,Ю-З,5,BR,8.0,5.0,,1013.0,120.0,1
185,4,20:30:00,4.0,Ю-З,5,,8.0,10.0,,1013.0,120.0,1
186,4,21:00:00,5.0,Ю-З,6,,8.0,10.0,,1012.0,120.0,1
187,4,21:30:00,5.0,Ю-З,7,,8.0,10.0,,1012.0,120.0,1
188,4,22:00:00,5.0,Ю-З,6,,8.0,10.0,,1011.0,120.0,1
189,4,22:30:00,5.0,Ю-З,6,BR,8.0,03.Сер,,1011.0,120.0,1
190,4,23:00:00,5.0,Ю-З,6,BR,8.0,03.Чер,,1011.0,120.0,1
191,4,23:30:00,5.0,Ю-З,6,BR,8.0,03.Сер,,1011.0,120.0,1
192,5,00:00:00,5.0,Ю-З,7,BR,8.0,01.Лют,,1010.0,120.0,1
193,5,00:30:00,5.0,Ю-З,6,FG,,0.8,,1010.0,,1
194,5,01:00:00,5.0,Ю-З,6,BR,8.0,01.Лип,,1010.0,120.0,1
195,5,01:30:00,5.0,Западный,6,BR,8.0,01.Сер,,1010.0,90.0,1
196,5,02:00:00,5.0,Ю-З,6,BR,8.0,01.Вер,,1009.0,90.0,1
197,5,02:30:00,5.0,Ю-З,7,BR,8.0,03.Бер,,1009.0,120.0,1
198,5,03:00:00,5.0,Западный,7,BR,8.0,5.0,,1009.0,120.0,1
199,5,03:30:00,5.0,Ю-З,6,BR,8.0,04.Тра,,1009.0,90.0,1
200,5,04:00:00,5.0,Ю-З,5,BR,8.0,04.Бер,,1009.0,180.0,1
201,5,04:30:00,5.0,Западный,4,BR,8.0,04.Лют,,1009.0,240.0,1
202,5,05:00:00,5.0,Западный,4,,8.0,10.0,,1009.0,300.0,1
203,5,05:30:00,5.0,Западный,5,BR,8.0,04.Чер,,1009.0,300.0,1
204,5,06:00:00,4.0,Западный,6,BR,8.0,3.0,,1009.0,210.0,1
205,5,06:30:00,4.0,Западный,4,BR,8.0,01.Лип,,1009.0,120.0,1
206,5,07:00:00,4.0,Западный,4,BR,8.0,01.Бер,,1008.0,120.0,1
207,5,07:30:00,4.0,Западный,5,BR,8.0,01.Лип,,1008.0,120.0,1
208,5,08:00:00,4.0,Западный,4,BR,8.0,01.Лют,,1007.0,120.0,1
209,5,08:30:00,4.0,Западный,4,FG,,0.6,,1007.0,,1
210,5,09:00:00,4.0,Западный,4,FG,,0.6,,1006.0,,1
211,5,09:30:00,4.0,Западный,3,FG,,0.6,,1006.0,,1
212,5,10:00:00,3.0,Западный,3,FG,,0.3,,1006.0,,1
213,5,10:30:00,3.0,Ю-З,3,FG,,0.2,,1005.0,,1
214,5,11:00:00,4.0,Ю-З,3,FG,,0.3,,1005.0,,1
215,5,11:30:00,4.0,Ю-З,3,FG,,0.2,,1004.0,,1
216,5,12:00:00,4.0,Южный,3,FG,,0.2,,1004.0,,1
217,5,12:30:00,4.0,Ю-З,6,FG,,0.8,,1003.0,,1
218,5,13:00:00,4.0,Ю-З,5,BR,8.0,01.Лют,,1003.0,90.0,1
219,5,13:30:00,4.0,Ю-З,5,BR,8.0,01.Тра,,1003.0,120.0,1
220,5,14:00:00,5.0,Ю-З,6,BR,8.0,01.Бер,,1003.0,120.0,1
221,5,14:30:00,5.0,Ю-З,7,BR,8.0,1.0,,1003.0,120.0,1
222,5,15:00:00,5.0,Ю-З,6,FG,,0.5,,1002.0,,1
223,5,15:30:00,5.0,Ю-З,7,FG,,0.4,,1002.0,,1
224,5,16:00:00,4.0,Ю-З,5,DZ+FG,,0.2,,1002.0,,1
225,5,16:30:00,4.0,Ю-З,6,DZ+FG,,0.4,,1002.0,,1
226,5,17:00:00,3.0,Ю-З,5,DZ+FG,,0.3,,1001.0,,1
227,5,17:30:00,3.0,Ю-З,5,DZ+FG,,0.2,,1001.0,,1
228,5,18:00:00,3.0,Ю-З,4,DZ+FG,,0.2,,1001.0,,1
229,5,18:30:00,3.0,Ю-З,4,DZ+FG,,0.2,,1001.0,,1
230,5,19:00:00,3.0,Ю-З,5,FG,,0.3,,1000.0,,1
231,5,19:30:00,3.0,Южный,4,FG,,0.2,,1000.0,,1
232,5,20:00:00,3.0,Ю-З,5,BR,8.0,01.Січ,,1000.0,90.0,1
233,5,20:30:00,3.0,Южный,4,BR,8.0,01.Січ,,999.0,90.0,1
234,5,21:00:00,3.0,Южный,4,BR,8.0,01.Сер,,999.0,90.0,1
235,5,21:30:00,3.0,Южный,4,BR,8.0,01.Вер,,999.0,90.0,1
236,5,22:00:00,3.0,Южный,4,BR,8.0,01.Сер,,998.0,120.0,1
237,5,22:30:00,3.0,Ю-З,7,BR,8.0,5.0,,998.0,210.0,1
238,5,23:00:00,4.0,Ю-З,6,,8.0,10.0,,998.0,300.0,1
239,5,23:30:00,4.0,Ю-З,6,,8.0,10.0,,998.0,300.0,1
240,6,00:00:00,5.0,Ю-З,6,,8.0,10.0,,998.0,480.0,1
241,6,00:30:00,5.0,Южный,7,,8.0,10.0,,998.0,480.0,1
242,6,01:00:00,6.0,Южный,7,,8.0,10.0,,997.0,510.0,1
243,6,01:30:00,6.0,Южный,6,,8.0,10.0,,997.0,540.0,1
244,6,02:00:00,6.0,Южный,6,,8.0,10.0,,997.0,480.0,1
245,6,02:30:00,6.0,Южный,7,,8.0,10.0,,997.0,480.0,1
246,6,03:00:00,6.0,Южный,7,,8.0,10.0,,997.0,450.0,1
247,6,03:30:00,6.0,Южный,5,,8.0,10.0,,997.0,450.0,1
248,6,04:00:00,6.0,Южный,6,,8.0,10.0,,997.0,450.0,1
249,6,04:30:00,6.0,Южный,6,,8.0,10.0,,997.0,450.0,1
250,6,05:00:00,6.0,Южный,6,,8.0,10.0,,997.0,480.0,1
251,6,05:30:00,6.0,Южный,6,,8.0,10.0,,997.0,390.0,1
252,6,06:00:00,7.0,Южный,7,,8.0,10.0,,997.0,330.0,1
253,6,06:30:00,7.0,Южный,7,,8.0,10.0,,997.0,360.0,1
254,6,07:00:00,7.0,Южный,7,,8.0,10.0,,997.0,420.0,1
255,6,07:30:00,7.0,Южный,8,,8.0,10.0,,997.0,480.0,1
256,6,08:00:00,7.0,Южный,8,,8.0,10.0,,997.0,390.0,1
257,6,08:30:00,7.0,Южный,7,,8.0,10.0,,997.0,450.0,1
258,6,09:00:00,7.0,Южный,7,,8.0,10.0,,997.0,390.0,1
259,6,09:30:00,7.0,Южный,7,,8.0,10.0,,997.0,330.0,1
260,6,10:00:00,7.0,Южный,8,RA,8.0,10.0,,997.0,420.0,1
261,6,10:30:00,7.0,Южный,7,RA,8.0,5.0,,997.0,420.0,1
262,6,11:00:00,7.0,Южный,7,RA,8.0,10.0,,997.0,450.0,1
263,6,11:30:00,7.0,Южный,6,RA,8.0,10.0,,997.0,510.0,1
264,6,12:00:00,8.0,Южный,7,,8.0,10.0,,998.0,720.0,1
265,6,12:30:00,8.0,Южный,6,,8.0,10.0,,998.0,720.0,1
266,6,13:00:00,7.0,Южный,6,,8.0,10.0,,998.0,720.0,1
267,6,13:30:00,7.0,Южный,5,,8.0,10.0,,999.0,720.0,1
268,6,14:00:00,7.0,Южный,3,RA,8.0,5.0,,999.0,720.0,1
269,6,14:30:00,7.0,Южный,4,RA,8.0,03.Вер,,999.0,510.0,1
270,6,15:00:00,7.0,Южный,4,BR+RA,8.0,02.Кві,,1000.0,270.0,1
271,6,15:30:00,7.0,Южный,5,BR+RA,8.0,01.Сер,,1000.0,180.0,1
272,6,16:00:00,7.0,Южный,5,BR+RA,8.0,03.Вер,,1000.0,180.0,1
273,6,16:30:00,7.0,Южный,5,BR+RA,8.0,02.Бер,,1000.0,180.0,1
274,6,17:00:00,7.0,Южный,5,BR,8.0,04.Січ,,1001.0,180.0,1
275,6,17:30:00,7.0,Южный,6,BR,8.0,04.Вер,,1001.0,180.0,1
276,6,18:00:00,7.0,Южный,6,BR+RA,8.0,10.0,,1001.0,180.0,1
277,6,18:30:00,7.0,Южный,6,RA,8.0,10.0,,1002.0,180.0,1
278,6,19:00:00,7.0,Южный,7,RA,8.0,10.0,,1002.0,240.0,1
279,6,19:30:00,7.0,Южный,5,RA,8.0,5.0,,1002.0,240.0,1
280,6,20:00:00,7.0,Южный,5,RA,8.0,04.Сер,,1002.0,330.0,1
281,6,20:30:00,7.0,Южный,4,RA,8.0,03.Лип,,1002.0,270.0,1
282,6,21:00:00,7.0,Южный,5,RA,8.0,10.0,,1003.0,450.0,1
283,6,21:30:00,7.0,Южный,5,RA,8.0,10.0,,1003.0,450.0,1
284,6,22:00:00,7.0,Южный,4,RA,8.0,10.0,,1003.0,510.0,1
285,6,22:30:00,7.0,Южный,5,,8.0,10.0,,1003.0,600.0,1
286,6,23:00:00,6.0,Южный,4,,8.0,10.0,,1004.0,990.0,1
287,6,23:30:00,6.0,Южный,3,,8.0,10.0,,1003.0,990.0,1
288,7,00:00:00,6.0,Ю-В,3,,8.0,10.0,,1003.0,990.0,1
289,7,00:30:00,6.0,Ю-В,4,,8.0,10.0,,1004.0,990.0,1
290,7,01:00:00,6.0,Ю-В,4,BR,8.0,5.0,,1004.0,990.0,1
291,7,01:30:00,6.0,Ю-В,3,,8.0,10.0,,1004.0,990.0,1
292,7,02:00:00,6.0,Ю-В,3,,8.0,10.0,,1005.0,990.0,1
293,7,02:30:00,6.0,Ю-В,3,,8.0,10.0,,1005.0,990.0,1
294,7,03:00:00,6.0,Восточный,4,,8.0,10.0,,1005.0,990.0,1
295,7,03:30:00,5.0,Восточный,4,,8.0,10.0,,1005.0,990.0,1
296,7,04:00:00,5.0,Восточный,4,,8.0,10.0,,1005.0,990.0,1
297,7,04:30:00,5.0,Восточный,3,BR,6.0,5.0,,1006.0,990.0,1
298,7,05:00:00,5.0,Восточный,3,BR,8.0,02.Кві,,1006.0,600.0,1
299,7,05:30:00,5.0,Восточный,3,BR,8.0,03.Лют,,1006.0,300.0,1
300,7,06:00:00,5.0,Восточный,3,BR,8.0,03.Вер,,1007.0,300.0,1
301,7,06:30:00,5.0,Восточный,4,,8.0,10.0,,1007.0,330.0,1
302,7,07:00:00,5.0,Восточный,3,,8.0,10.0,,1007.0,330.0,1
303,7,07:30:00,6.0,С-В,3,,2.0,10.0,,1007.0,390.0,1
304,7,08:00:00,6.0,С-В,3,,2.0,10.0,,1006.0,390.0,1
305,7,08:30:00,6.0,С-В,3,,4.0,10.0,,1006.0,600.0,1
306,7,09:00:00,6.0,С-В,4,,4.0,10.0,,1006.0,600.0,1
307,7,09:30:00,6.0,С-В,4,,8.0,10.0,,1006.0,600.0,1
308,7,10:00:00,6.0,С-В,4,,8.0,10.0,,1006.0,600.0,1
309,7,10:30:00,6.0,С-В,4,,8.0,10.0,,1006.0,600.0,1
310,7,11:00:00,6.0,С-В,3,,8.0,10.0,,1007.0,600.0,1
311,7,11:30:00,6.0,С-В,3,,8.0,10.0,,1007.0,420.0,1
312,7,12:00:00,6.0,С-В,3,,4.0,10.0,,1007.0,600.0,1
313,7,12:30:00,6.0,С-В,3,SHRA,4.0,10.0,,1008.0,600.0,1
314,7,13:00:00,6.0,С-В,3,SHRA,4.0,10.0,,1008.0,600.0,1
315,7,13:30:00,6.0,С-В,4,BR+SHRA,4.0,04.Січ,,1007.0,540.0,1
316,7,14:00:00,6.0,С-В,4,BR+SHRA,4.0,04.Вер,,1007.0,600.0,1
317,7,14:30:00,5.0,С-В,4,BR+SHRA,4.0,04.Лип,,1007.0,900.0,1
318,7,15:00:00,5.0,С-В,5,BR,4.0,04.Сер,,1007.0,990.0,1
319,7,15:30:00,5.0,С-В,3,BR,2.0,03.Сер,,1007.0,990.0,1
320,7,16:00:00,5.0,С-В,3,BR,8.0,03.Вер,,1007.0,690.0,1
321,7,16:30:00,5.0,С-В,4,BR,8.0,02.Сер,,1007.0,900.0,1
322,7,17:00:00,5.0,С-В,4,BR+SHRA,4.0,03.Лип,,1007.0,900.0,1
323,7,17:30:00,4.0,С-В,3,BR+SHRA,6.0,02.Лип,,1008.0,780.0,1
324,7,18:00:00,4.0,С-В,3,BR+SHRA,6.0,02.Тра,,1007.0,600.0,1
325,7,18:30:00,4.0,С-В,3,BR+SHRA,6.0,02.Кві,,1007.0,540.0,1
326,7,19:00:00,4.0,С-В,4,BR+SHRA,6.0,02.Сер,,1007.0,450.0,1
327,7,19:30:00,4.0,С-В,3,BR+RA,8.0,02.Лип,,1007.0,330.0,1
328,7,20:00:00,4.0,Северный,3,BR+RA,8.0,3.0,,1007.0,300.0,1
329,7,20:30:00,4.0,С-В,3,BR+RA,8.0,02.Лип,,1007.0,300.0,1
330,7,21:00:00,4.0,С-В,4,BR+RA,8.0,02.Чер,,1006.0,300.0,1
331,7,21:30:00,4.0,С-В,4,BR+RA,8.0,02.Кві,,1006.0,300.0,1
332,7,22:00:00,4.0,С-В,3,BR+RA,8.0,02.Лют,,1006.0,270.0,1
333,7,22:30:00,4.0,С-В,3,BR+RA,8.0,02.Бер,,1006.0,240.0,1
334,7,23:00:00,4.0,С-В,3,BR+RA,8.0,02.Січ,,1006.0,240.0,1
335,7,23:30:00,4.0,С-В,3,BR+RA,8.0,01.Тра,,1006.0,210.0,1
336,8,00:00:00,4.0,С-В,4,BR+RA,8.0,01.Лип,,1005.0,210.0,1
337,8,00:30:00,4.0,С-В,4,BR+RA,8.0,01.Сер,,1005.0,180.0,1
338,8,01:00:00,4.0,С-В,3,BR+RA,8.0,01.Вер,,1005.0,180.0,1
339,8,01:30:00,4.0,С-В,3,BR+RA,8.0,01.Чер,,1005.0,150.0,1
340,8,02:00:00,4.0,Восточный,3,BR+RA,8.0,01.Сер,,1005.0,120.0,1
341,8,02:30:00,4.0,Восточный,2,BR+RA,8.0,01.Лют,,1005.0,120.0,1
342,8,03:00:00,4.0,С-В,2,BR+RA,8.0,01.Кві,,1005.0,150.0,1
343,8,03:30:00,4.0,С-В,1,BR+RA,8.0,01.Лют,,1005.0,150.0,1
344,8,04:00:00,4.0,С-В,2,BR+RA,8.0,01.Кві,,1005.0,150.0,1
345,8,04:30:00,4.0,Переменный,1,BR+RA,8.0,01.Чер,,1005.0,150.0,1
346,8,05:00:00,4.0,С-В,2,BR+RA,8.0,01.Тра,,1005.0,120.0,1
347,8,05:30:00,4.0,Восточный,2,BR+RA,8.0,01.Сер,,1005.0,120.0,1
348,8,06:00:00,4.0,Восточный,3,BR+RA,8.0,01.Сер,,1005.0,120.0,1
349,8,06:30:00,5.0,Восточный,3,BR+RA,8.0,01.Вер,,1005.0,120.0,1
350,8,07:00:00,5.0,Восточный,3,BR+RA,8.0,03.Лют,,1005.0,120.0,1
351,8,07:30:00,5.0,Восточный,3,BR+RA,8.0,02.Тра,,1005.0,180.0,1
352,8,08:00:00,5.0,Восточный,3,BR+RA,8.0,04.Тра,,1005.0,120.0,1
353,8,08:30:00,5.0,Восточный,3,,8.0,10.0,,1005.0,120.0,1
354,8,09:00:00,5.0,Восточный,2,RA,8.0,10.0,,1005.0,120.0,1
355,8,09:30:00,6.0,Восточный,2,RA,8.0,10.0,,1004.0,150.0,1
356,8,10:00:00,6.0,Переменный,2,RA,8.0,10.0,,1004.0,150.0,1
357,8,10:30:00,6.0,Переменный,2,RA,8.0,10.0,,1005.0,150.0,1
358,8,11:00:00,6.0,Переменный,1,RA,8.0,10.0,,1005.0,150.0,1
359,8,11:30:00,6.0,Ю-В,2,,8.0,10.0,,1005.0,180.0,1
360,8,12:00:00,6.0,,0,BR+RA,8.0,02.Січ,,1005.0,180.0,1
361,8,12:30:00,6.0,,0,FG+RA,,0.7,,1005.0,,1
362,8,13:00:00,6.0,,0,BR+RA,8.0,01.Січ,,1006.0,90.0,1
363,8,13:30:00,6.0,Восточный,2,BR+RA,8.0,01.Січ,,1006.0,90.0,1
364,8,14:00:00,6.0,,0,BR+RA,8.0,01.Сер,,1006.0,120.0,1
365,8,14:30:00,6.0,,0,BR+RA,8.0,01.Кві,,1006.0,120.0,1
366,8,15:00:00,6.0,Переменный,1,BR+RA,8.0,01.Січ,,1006.0,120.0,1
367,8,15:30:00,6.0,,0,BR+RA,8.0,01.Січ,,1006.0,120.0,1
368,8,16:00:00,6.0,,0,BR+RA,8.0,01.Чер,,1006.0,120.0,1
369,8,16:30:00,6.0,Северный,3,BR+RA,8.0,01.Вер,,1006.0,120.0,1
370,8,17:00:00,6.0,Северный,5,BR+RA,8.0,02.Тра,,1006.0,120.0,1
371,8,17:30:00,4.0,Северный,4,BR+RA,8.0,02.Вер,,1006.0,120.0,1
372,8,18:00:00,4.0,Северный,4,RA,8.0,10.0,,1007.0,120.0,1
373,8,18:30:00,4.0,Северный,5,BR+RA,8.0,04.Кві,,1007.0,120.0,1
374,8,19:00:00,4.0,С-В,4,BR+RA,8.0,04.Січ,,1007.0,120.0,1
375,8,19:30:00,4.0,С-В,4,BR+RA,8.0,03.Кві,,1007.0,120.0,1
376,8,20:00:00,4.0,С-В,3,BR+DZ,8.0,03.Січ,,1007.0,120.0,1
377,8,20:30:00,4.0,Северный,3,DZ,8.0,10.0,,1007.0,150.0,1
378,8,21:00:00,4.0,Северный,4,DZ,8.0,10.0,,1007.0,120.0,1
379,8,21:30:00,3.0,Северный,3,DZ,8.0,10.0,,1007.0,120.0,1
380,8,22:00:00,3.0,Северный,4,BR+DZ,8.0,04.Січ,,1007.0,120.0,1
381,8,22:30:00,3.0,Северный,4,BR+DZ,8.0,01.Лют,,1007.0,90.0,1
382,8,23:00:00,3.0,Северный,4,FG,,0.7,,1007.0,,1
383,8,23:30:00,3.0,Северный,4,FG,,0.4,,1008.0,,1
384,9,00:00:00,3.0,Северный,5,FG,,0.6,,1007.0,,1
385,9,00:30:00,3.0,Северный,5,FG,,0.6,,1007.0,,1
386,9,01:00:00,3.0,Северный,5,FG,,0.6,,1007.0,,1
387,9,01:30:00,3.0,С-В,4,FG,,0.8,,1007.0,,1
388,9,02:00:00,3.0,С-В,3,FG,,0.8,,1007.0,,1
389,9,02:30:00,3.0,С-В,4,FG,,0.8,,1007.0,,1
390,9,03:00:00,3.0,Северный,4,FG,,0.7,,1007.0,,1
391,9,03:30:00,3.0,С-В,4,DZ+FG,,0.6,,1008.0,,1
392,9,04:00:00,3.0,С-В,4,DZ+FG,,0.6,,1008.0,,1
393,9,04:30:00,3.0,С-В,3,DZ+FG,,0.8,,1008.0,,1
394,9,05:00:00,3.0,С-В,3,BR+DZ,8.0,01.Бер,,1008.0,90.0,1
395,9,05:30:00,4.0,С-В,3,BR,8.0,01.Кві,,1008.0,90.0,1
396,9,06:00:00,4.0,С-В,3,BR,8.0,02.Тра,,1008.0,90.0,1
397,9,06:30:00,4.0,Северный,3,FG+RA,,0.7,,1009.0,,1
398,9,07:00:00,4.0,Северный,3,FG+RA,,0.8,,1009.0,,1
399,9,07:30:00,4.0,Северный,2,BR,8.0,02.Чер,,1008.0,150.0,1
400,9,08:00:00,4.0,Северный,4,BR,8.0,01.Лют,,1008.0,120.0,1
401,9,08:30:00,4.0,Северный,4,BR,8.0,01.Сер,,1008.0,90.0,1
402,9,09:00:00,4.0,Северный,4,BR,8.0,02.Тра,,1008.0,150.0,1
403,9,09:30:00,5.0,Северный,3,BR+DZ,8.0,02.Сер,,1008.0,150.0,1
404,9,10:00:00,5.0,С-В,3,BR+DZ,8.0,02.Лип,,1008.0,180.0,1
405,9,10:30:00,5.0,С-В,3,BR+DZ,8.0,03.Чер,,1008.0,180.0,1
406,9,11:00:00,5.0,С-В,3,BR+DZ,8.0,03.Вер,,1009.0,240.0,1
407,9,11:30:00,5.0,С-В,2,BR+DZ,8.0,4.0,,1009.0,300.0,1
408,9,12:00:00,5.0,Северный,3,BR+DZ,8.0,03.Вер,,1009.0,270.0,1
409,9,12:30:00,4.0,Северный,4,BR+DZ,8.0,04.Бер,,1009.0,240.0,1
410,9,13:00:00,4.0,Северный,5,BR,8.0,03.Вер,,1009.0,210.0,1
411,9,13:30:00,4.0,Северный,5,BR,8.0,3.0,,1010.0,210.0,1
412,9,14:00:00,4.0,Северный,4,BR,8.0,02.Кві,,1010.0,210.0,1
413,9,14:30:00,4.0,Северный,4,BR,8.0,02.Січ,,1010.0,150.0,1
414,9,15:00:00,4.0,Северный,4,BR,8.0,02.Бер,,1010.0,180.0,1
415,9,15:30:00,4.0,Северный,4,BR+RA,8.0,02.Лют,,1010.0,180.0,1
416,9,16:00:00,4.0,Северный,4,BR+RA,8.0,02.Бер,,1011.0,180.0,1
417,9,16:30:00,4.0,Северный,4,BR+RA,8.0,02.Лип,,1011.0,180.0,1
418,9,17:00:00,4.0,Северный,3,BR+RA,8.0,02.Кві,,1011.0,180.0,1
419,9,17:30:00,4.0,Северный,4,BR+RA,8.0,04.Вер,,1011.0,150.0,1
420,9,18:00:00,4.0,Северный,4,BR+RA,8.0,5.0,,1011.0,150.0,1
421,9,18:30:00,3.0,Северный,5,BR+RA,8.0,04.Бер,,1011.0,150.0,1
422,9,19:00:00,3.0,Северный,5,BR+RA,8.0,5.0,,1012.0,150.0,1
423,9,19:30:00,3.0,Северный,6,BR+RA,8.0,5.0,,1012.0,150.0,1
424,9,20:00:00,3.0,Северный,6,BR+RA,8.0,10.0,,1012.0,150.0,1
425,9,20:30:00,3.0,Северный,7,RA,8.0,10.0,,1012.0,150.0,1
426,9,21:00:00,3.0,Северный,7,RA,8.0,10.0,,1012.0,150.0,1
427,9,21:30:00,2.0,Северный,7,RA,8.0,10.0,,1012.0,150.0,1
428,9,22:00:00,2.0,Северный,7,RA,8.0,10.0,,1012.0,150.0,1
429,9,22:30:00,1.0,Северный,7,RA,8.0,10.0,,1013.0,180.0,1
430,9,23:00:00,1.0,Северный,7,RA,8.0,10.0,,1013.0,240.0,1
431,9,23:30:00,1.0,Северный,7,RA,8.0,10.0,,1013.0,300.0,1
432,10,00:00:00,1.0,Северный,6,,8.0,10.0,,1013.0,330.0,1
433,10,00:30:00,1.0,Северный,7,,8.0,10.0,,1013.0,390.0,1
434,10,01:00:00,1.0,Северный,7,,8.0,10.0,,1013.0,390.0,1
435,10,01:30:00,1.0,Северный,7,SHRA,6.0,10.0,,1013.0,420.0,1
436,10,02:00:00,1.0,Северный,8,SHRA,6.0,10.0,,1013.0,480.0,1
437,10,02:30:00,1.0,Северный,7,SHRA,6.0,10.0,,1013.0,480.0,1
438,10,03:00:00,1.0,Северный,7,SHRA,6.0,10.0,,1014.0,450.0,1
439,10,03:30:00,1.0,Северный,6,SNRA,6.0,10.0,,1014.0,420.0,1
440,10,04:00:00,1.0,Северный,5,SNRA,6.0,5.0,,1014.0,420.0,1
441,10,04:30:00,1.0,Северный,6,SNRA,6.0,10.0,,1015.0,390.0,1
442,10,05:00:00,1.0,Северный,7,SNRA,6.0,10.0,,1015.0,390.0,1
443,10,05:30:00,0.0,Северный,6,SNRA,6.0,10.0,,1015.0,390.0,1
444,10,06:00:00,0.0,Северный,6,SNRA,6.0,10.0,,1015.0,390.0,1
445,10,06:30:00,1.0,Северный,6,,8.0,10.0,,1016.0,300.0,1
446,10,07:00:00,1.0,Северный,6,SNRA,6.0,10.0,,1016.0,420.0,1
447,10,07:30:00,0.0,Северный,7,SNRA,6.0,04.Вер,,1016.0,420.0,1
448,10,08:00:00,0.0,Северный,6,SNRA,6.0,5.0,,1016.0,420.0,1
449,10,08:30:00,1.0,Северный,6,SNRA,6.0,04.Лют,,1016.0,420.0,1
450,10,09:00:00,1.0,Северный,6,SNRA,6.0,02.Тра,,1016.0,420.0,1
451,10,09:30:00,1.0,Северный,6,SNRA,6.0,5.0,,1016.0,420.0,1
452,10,10:00:00,1.0,Северный,6,SNRA,6.0,10.0,,1016.0,420.0,1
453,10,10:30:00,1.0,Северный,7,SNRA,6.0,10.0,,1016.0,450.0,1
454,10,11:00:00,1.0,Северный,6,,6.0,10.0,,1016.0,450.0,1
455,10,11:30:00,1.0,Северный,5,,6.0,10.0,,1017.0,420.0,1
456,10,12:00:00,1.0,Северный,5,,6.0,10.0,,1017.0,420.0,1
457,10,12:30:00,1.0,Северный,5,,6.0,10.0,,1018.0,420.0,1
458,10,13:00:00,1.0,Северный,5,,6.0,10.0,,1018.0,390.0,1
459,10,13:30:00,1.0,Северный,5,,6.0,10.0,,1018.0,420.0,1
460,10,14:00:00,0.0,Северный,6,,6.0,10.0,,1019.0,420.0,1
461,10,14:30:00,0.0,Северный,6,,6.0,10.0,,1019.0,420.0,1
462,10,15:00:00,0.0,Северный,5,,6.0,10.0,,1019.0,420.0,1
463,10,15:30:00,0.0,Северный,5,,6.0,10.0,,1019.0,420.0,1
464,10,16:00:00,0.0,Северный,7,,,10.0,,1019.0,,1
465,10,16:30:00,0.0,Северный,6,,,10.0,,1020.0,,1
466,10,17:00:00,-1.0,Северный,6,,,10.0,,1020.0,,1
467,10,17:30:00,-1.0,Северный,5,,,10.0,,1020.0,,1
468,10,18:00:00,-1.0,Северный,7,,,10.0,,1021.0,,1
469,10,18:30:00,-1.0,Северный,5,,,10.0,,1021.0,,1
470,10,19:00:00,-1.0,Северный,5,,8.0,10.0,,1021.0,540.0,1
471,10,19:30:00,-1.0,Северный,6,,8.0,10.0,,1021.0,540.0,1
472,10,20:00:00,-1.0,Северный,7,,8.0,10.0,,1021.0,570.0,1
473,10,20:30:00,-1.0,Северный,6,,8.0,10.0,,1021.0,570.0,1
474,10,21:00:00,-1.0,Северный,5,,8.0,10.0,,1021.0,570.0,1
475,10,21:30:00,-1.0,Северный,5,,8.0,10.0,,1021.0,570.0,1
476,10,22:00:00,-1.0,Северный,5,,8.0,10.0,,1021.0,780.0,1
477,10,22:30:00,-1.0,Северный,5,,8.0,10.0,,1021.0,780.0,1
478,10,23:00:00,-1.0,Северный,5,,8.0,10.0,,1021.0,780.0,1
479,10,23:30:00,-1.0,Северный,4,,8.0,10.0,,1021.0,780.0,1
480,11,00:00:00,-1.0,Северный,4,,8.0,10.0,,1021.0,780.0,1
481,11,00:30:00,-1.0,Северный,4,,8.0,10.0,,1021.0,780.0,1
482,11,01:00:00,-1.0,Северный,5,,8.0,10.0,,1021.0,630.0,1
483,11,01:30:00,-1.0,Северный,5,,8.0,10.0,,1021.0,630.0,1
484,11,02:00:00,-1.0,Северный,5,,8.0,10.0,,1021.0,780.0,1
485,11,02:30:00,-1.0,Северный,4,,8.0,10.0,,1021.0,780.0,1
486,11,03:00:00,-1.0,Северный,4,,8.0,10.0,,1021.0,780.0,1
487,11,03:30:00,-1.0,Северный,3,,8.0,10.0,,1022.0,780.0,1
488,11,04:00:00,-1.0,Северный,4,,8.0,10.0,,1022.0,780.0,1
489,11,04:30:00,-1.0,Северный,4,,8.0,10.0,,1022.0,900.0,1
490,11,05:00:00,0.0,Северный,5,,8.0,10.0,,1022.0,1080.0,1
491,11,05:30:00,0.0,Северный,4,,8.0,10.0,,1022.0,960.0,1
492,11,06:00:00,0.0,Северный,3,,8.0,10.0,,1022.0,990.0,1
493,11,06:30:00,0.0,Северный,4,,8.0,10.0,,1022.0,1200.0,1
494,11,07:00:00,0.0,Северный,4,,8.0,10.0,,1022.0,990.0,1
495,11,07:30:00,0.0,С-В,3,,8.0,10.0,,1022.0,1200.0,1
496,11,08:00:00,0.0,Северный,2,,8.0,10.0,,1022.0,1200.0,1
497,11,08:30:00,0.0,Северный,4,,8.0,10.0,,1022.0,1200.0,1
498,11,09:00:00,0.0,С-З,4,,8.0,10.0,,1022.0,1200.0,1
499,11,09:30:00,0.0,Северный,4,,8.0,10.0,,1022.0,1080.0,1
500,11,10:00:00,0.0,Северный,4,,8.0,10.0,,1022.0,990.0,1
501,11,10:30:00,0.0,С-З,4,,8.0,10.0,,1022.0,1080.0,1
502,11,11:00:00,0.0,С-З,4,,8.0,10.0,,1022.0,1080.0,1
503,11,11:30:00,0.0,С-З,3,,8.0,10.0,,1022.0,1200.0,1
504,11,12:00:00,0.0,С-З,4,,8.0,10.0,,1022.0,1380.0,1
505,11,12:30:00,0.0,С-З,4,,8.0,10.0,,1022.0,1380.0,1
506,11,13:00:00,0.0,С-З,3,,8.0,10.0,,1022.0,1380.0,1
507,11,13:30:00,0.0,С-З,3,,8.0,10.0,,1022.0,1380.0,1
508,11,14:00:00,0.0,С-З,3,,8.0,10.0,,1022.0,1380.0,1
509,11,14:30:00,0.0,Северный,3,,8.0,10.0,,1022.0,1080.0,1
510,11,15:00:00,0.0,С-З,3,,4.0,10.0,,1022.0,990.0,1
511,11,15:30:00,0.0,С-З,4,,2.0,10.0,,1022.0,990.0,1
512,11,16:00:00,0.0,С-З,3,,8.0,10.0,,1022.0,1200.0,1
513,11,16:30:00,0.0,Северный,3,,8.0,10.0,,1022.0,1200.0,1
514,11,17:00:00,0.0,С-З,2,,8.0,10.0,,1022.0,1290.0,1
515,11,17:30:00,0.0,С-З,2,,8.0,10.0,,1022.0,1290.0,1
516,11,18:00:00,0.0,С-З,2,,8.0,10.0,,1022.0,1200.0,1
517,11,18:30:00,0.0,С-З,2,,8.0,10.0,,1022.0,1200.0,1
518,11,19:00:00,0.0,С-З,2,,8.0,10.0,,1022.0,1290.0,1
519,11,19:30:00,0.0,С-З,3,,8.0,10.0,,1022.0,1290.0,1
520,11,20:00:00,-1.0,С-З,2,,8.0,10.0,,1021.0,1290.0,1
521,11,20:30:00,-1.0,С-З,2,,8.0,10.0,,1021.0,1290.0,1
522,11,21:00:00,-2.0,Западный,2,,2.0,10.0,,1021.0,1290.0,1
523,11,21:30:00,-2.0,Западный,2,,,10.0,,1021.0,,1
524,11,22:00:00,-3.0,Западный,2,,,10.0,,1021.0,,1
525,11,22:30:00,-3.0,Западный,2,,,10.0,,1021.0,,1
526,11,23:00:00,-4.0,Западный,2,,,10.0,,1021.0,,1
527,11,23:30:00,-4.0,Западный,2,,,10.0,,1020.0,,1
528,12,00:00:00,-5.0,Западный,2,,,10.0,,1020.0,,1
529,12,00:30:00,-5.0,Западный,2,,,10.0,,1020.0,,1
530,12,01:00:00,-5.0,Западный,2,,,10.0,,1019.0,,1
531,12,01:30:00,-5.0,Западный,2,,,10.0,,1019.0,,1
532,12,02:00:00,-5.0,Ю-З,2,,,10.0,,1019.0,,1
533,12,02:30:00,-5.0,,0,,,10.0,,1019.0,,1
534,12,03:00:00,-4.0,Ю-З,3,,,10.0,,1019.0,,1
535,12,03:30:00,-4.0,Западный,2,,6.0,10.0,,1019.0,1290.0,1
536,12,04:00:00,-4.0,Западный,3,,6.0,10.0,,1019.0,1200.0,1
537,12,04:30:00,-4.0,Ю-З,4,SHSN,4.0,03.Тра,,1019.0,780.0,1
538,12,05:00:00,-3.0,Ю-З,4,SHSN,4.0,02.Вер,,1019.0,480.0,1
539,12,05:30:00,-3.0,Западный,3,SHSN,4.0,10.0,,1019.0,480.0,1
540,12,06:00:00,-2.0,Западный,5,SHSN,4.0,10.0,,1019.0,480.0,1
541,12,06:30:00,-2.0,Западный,4,SHSN,4.0,10.0,,1019.0,360.0,1
542,12,07:00:00,-1.0,Западный,4,,4.0,10.0,,1019.0,450.0,1
543,12,07:30:00,-1.0,Западный,4,SHSN,4.0,03.Сер,,1019.0,390.0,1
544,12,08:00:00,-1.0,Западный,4,SN,8.0,04.Лют,,1018.0,300.0,1
545,12,08:30:00,-1.0,Западный,4,BR+SN,8.0,04.Бер,,1018.0,240.0,1
546,12,09:00:00,-1.0,Западный,4,BR,8.0,03.Тра,,1018.0,210.0,1
547,12,09:30:00,-1.0,Западный,4,BR,8.0,03.Кві,,1018.0,210.0,1
548,12,10:00:00,0.0,Западный,3,BR,8.0,04.Лют,,1018.0,210.0,1
549,12,10:30:00,0.0,Западный,3,BR,8.0,04.Тра,,1018.0,330.0,1
550,12,11:00:00,1.0,Западный,3,BR,8.0,04.Тра,,1018.0,360.0,1
551,12,11:30:00,1.0,Западный,2,BR,6.0,4.0,,1018.0,390.0,1
552,12,12:00:00,1.0,Западный,1,BR,6.0,03.Лип,,1018.0,390.0,1
553,12,12:30:00,1.0,Западный,2,BR,8.0,03.Лип,,1018.0,3000.0,1
554,12,13:00:00,1.0,Западный,2,BR,8.0,04.Чер,,1018.0,3000.0,1
555,12,13:30:00,1.0,Западный,2,BR,8.0,04.Кві,,1018.0,3000.0,1
556,12,14:00:00,1.0,Западный,2,,,10.0,,1018.0,,1
557,12,14:30:00,1.0,,0,,,10.0,,1018.0,,1
558,12,15:00:00,1.0,Западный,2,,,10.0,,1018.0,,1
559,12,15:30:00,1.0,Ю-З,2,,,10.0,,1017.0,,1
560,12,16:00:00,1.0,,0,,,10.0,,1017.0,,1
561,12,16:30:00,1.0,Западный,2,,,10.0,,1017.0,,1
562,12,17:00:00,1.0,Ю-З,2,,,10.0,,1017.0,,1
563,12,17:30:00,1.0,Западный,2,,,10.0,,1017.0,,1
564,12,18:00:00,1.0,,0,,,10.0,,1016.0,,1
565,12,18:30:00,0.0,Ю-З,2,,,10.0,,1016.0,,1
566,12,19:00:00,0.0,Ю-З,3,,,10.0,,1016.0,,1
567,12,19:30:00,0.0,Ю-З,4,,,10.0,,1015.0,,1
568,12,20:00:00,0.0,Ю-З,3,,,10.0,,1015.0,,1
569,12,20:30:00,-1.0,Ю-З,4,,,10.0,,1014.0,,1
570,12,21:00:00,-1.0,Ю-З,3,,,10.0,,1014.0,,1
571,12,21:30:00,-1.0,Ю-З,4,,,10.0,,1014.0,,1
572,12,22:00:00,-1.0,Ю-З,4,,,10.0,,1014.0,,1
573,12,22:30:00,-1.0,Ю-З,4,,,10.0,,1013.0,,1
574,12,23:00:00,-1.0,Ю-З,4,,,10.0,,1013.0,,1
575,12,23:30:00,-1.0,Ю-З,4,,,10.0,,1012.0,,1
576,13,00:00:00,-1.0,Ю-З,5,,,10.0,,1012.0,,1
577,13,00:30:00,-2.0,Ю-З,4,,,10.0,,1011.0,,1
578,13,01:00:00,-2.0,Ю-З,5,,,10.0,,1011.0,,1
579,13,01:30:00,-2.0,Ю-З,7,BR,8.0,01.Бер,,1010.0,120.0,1
580,13,02:00:00,-2.0,Ю-З,6,FZ,,0.8,,1010.0,,1
581,13,02:30:00,0.0,Ю-З,6,BR,8.0,01.Лют,,1010.0,90.0,1
582,13,03:00:00,0.0,Ю-З,6,FZ,,0.9,,1009.0,,1
583,13,03:30:00,0.0,Ю-З,7,BR,,01.Сер,,1009.0,,1
584,13,04:00:00,0.0,Ю-З,8,BR,6.0,01.Вер,,1009.0,120.0,1
585,13,04:30:00,1.0,Ю-З,6,BR,6.0,4.0,,1008.0,210.0,1
586,13,05:00:00,1.0,Ю-З,8,,6.0,10.0,,1008.0,210.0,1
587,13,05:30:00,2.0,Ю-З,8,,8.0,10.0,,1008.0,480.0,1
588,13,06:00:00,2.0,Ю-З,8,,8.0,10.0,,1007.0,480.0,1
589,13,06:30:00,2.0,Ю-З,8,,8.0,10.0,,1006.0,480.0,1
590,13,07:00:00,2.0,Ю-З,8,,8.0,10.0,,1006.0,480.0,1
591,13,07:30:00,3.0,Ю-З,9,,8.0,10.0,,1005.0,480.0,1
592,13,08:00:00,3.0,Ю-З,8,,8.0,10.0,,1005.0,480.0,1
593,13,08:30:00,3.0,Западный,8,,6.0,10.0,,1004.0,480.0,1
594,13,09:00:00,3.0,Западный,8,,6.0,10.0,,1005.0,450.0,1
595,13,09:30:00,3.0,Западный,7,,6.0,10.0,,1005.0,450.0,1
596,13,10:00:00,1.0,Западный,5,,6.0,10.0,,1005.0,450.0,1
597,13,10:30:00,1.0,Западный,5,SHSN,6.0,02.Лют,,1005.0,450.0,1
598,13,11:00:00,1.0,Западный,4,SNRA,6.0,01.Лют,,1005.0,450.0,1
599,13,11:30:00,1.0,Западный,4,SNRA,6.0,01.Бер,,1005.0,450.0,1
600,13,12:00:00,0.0,Западный,3,SNRA,6.0,01.Кві,,1005.0,420.0,1
601,13,12:30:00,0.0,Западный,3,SNRA,6.0,01.Січ,,1005.0,420.0,1
602,13,13:00:00,0.0,Западный,3,SNRA,6.0,02.Лют,,1005.0,450.0,1
603,13,13:30:00,0.0,Западный,3,SNRA,6.0,02.Чер,,1005.0,450.0,1
604,13,14:00:00,0.0,Западный,4,BR,6.0,3.0,,1005.0,450.0,1
605,13,14:30:00,0.0,Западный,4,BR,6.0,03.Січ,,1005.0,420.0,1
606,13,15:00:00,0.0,Западный,3,BR,6.0,04.Січ,,1005.0,450.0,1
607,13,15:30:00,0.0,Западный,4,BR,6.0,04.Вер,,1005.0,450.0,1
608,13,16:00:00,0.0,Западный,3,BR,4.0,5.0,,1005.0,480.0,1
609,13,16:30:00,0.0,Западный,3,BR,4.0,04.Лют,,1005.0,480.0,1
610,13,17:00:00,0.0,Западный,2,BR,4.0,03.Кві,,1005.0,480.0,1
611,13,17:30:00,0.0,Западный,2,BR,4.0,5.0,,1005.0,990.0,1
612,13,18:00:00,-1.0,Западный,3,,,10.0,,1005.0,,1
613,13,18:30:00,-1.0,Ю-З,2,,,10.0,,1005.0,,1
614,13,19:00:00,-2.0,Западный,2,,,10.0,,1005.0,,1
615,13,19:30:00,-2.0,Западный,1,,,10.0,,1005.0,,1
616,13,20:00:00,-2.0,Западный,2,,,10.0,,1005.0,,1
617,13,20:30:00,-2.0,Западный,2,,,10.0,,1005.0,,1
618,13,21:00:00,-3.0,Западный,2,,,10.0,,1005.0,,1
619,13,21:30:00,-3.0,Западный,2,BR,2.0,03.Вер,,1005.0,3000.0,1
620,13,22:00:00,-3.0,Западный,2,BR,2.0,01.Сер,,1005.0,3000.0,1
621,13,22:30:00,-3.0,Западный,2,BR,2.0,3.0,,1005.0,3000.0,1
622,13,23:00:00,-3.0,Западный,2,BR,2.0,02.Січ,,1005.0,3000.0,1
623,13,23:30:00,-3.0,Ю-З,2,FZ,4.0,0.6,,1005.0,3000.0,1
624,14,00:00:00,-4.0,Западный,2,BR,6.0,01.Вер,,1004.0,3000.0,1
625,14,00:30:00,-4.0,Западный,1,BR,6.0,03.Тра,,1005.0,3000.0,1
626,14,01:00:00,-4.0,Западный,2,BR,4.0,03.Тра,,1005.0,3000.0,1
627,14,01:30:00,-4.0,Западный,3,BR,4.0,5.0,,1005.0,3000.0,1
628,14,02:00:00,-4.0,Западный,3,,,10.0,,1005.0,,1
629,14,02:30:00,-4.0,Западный,2,,,10.0,,1005.0,,1
630,14,03:00:00,-5.0,Западный,4,,,10.0,,1005.0,,1
631,14,03:30:00,-5.0,Западный,3,,,10.0,,1005.0,,1
632,14,04:00:00,-4.0,Западный,4,,,10.0,,1005.0,,1
633,14,04:30:00,-4.0,Западный,4,,,10.0,,1005.0,,1
634,14,05:00:00,-3.0,Западный,3,,,10.0,,1006.0,,1
635,14,05:30:00,-3.0,Западный,3,,,10.0,,1006.0,,1
636,14,06:00:00,-2.0,Западный,2,,,10.0,,1005.0,,1
637,14,06:30:00,-2.0,Западный,3,,,10.0,,1005.0,,1
638,14,07:00:00,-1.0,Западный,3,,,10.0,,1005.0,,1
639,14,07:30:00,-1.0,Западный,5,,,10.0,,1005.0,,1
640,14,08:00:00,-1.0,Западный,4,,,10.0,,1005.0,,1
641,14,08:30:00,-1.0,Западный,3,,,10.0,,1004.0,,1
642,14,09:00:00,0.0,Западный,3,,,10.0,,1004.0,,1
643,14,09:30:00,0.0,Западный,3,,,10.0,,1005.0,,1
644,14,10:00:00,0.0,Западный,4,,4.0,10.0,,1005.0,780.0,1
645,14,10:30:00,0.0,Западный,2,,4.0,10.0,,1005.0,780.0,1
646,14,11:00:00,-1.0,Западный,3,,4.0,10.0,,1005.0,780.0,1
647,14,11:30:00,-1.0,Западный,2,,4.0,10.0,,1005.0,780.0,1
648,14,12:00:00,-1.0,Западный,2,,6.0,10.0,,1005.0,450.0,1
649,14,12:30:00,-1.0,Западный,3,,6.0,10.0,,1005.0,600.0,1
650,14,13:00:00,-1.0,Западный,4,,6.0,10.0,,1006.0,600.0,1
651,14,13:30:00,-1.0,Западный,3,,6.0,10.0,,1006.0,600.0,1
652,14,14:00:00,-1.0,Западный,4,,6.0,10.0,,1005.0,600.0,1
653,14,14:30:00,-1.0,Западный,3,,6.0,10.0,,1006.0,600.0,1
654,14,15:00:00,-2.0,Ю-З,2,,,10.0,,1006.0,,1
655,14,15:30:00,-2.0,Ю-З,2,,,10.0,,1006.0,,1
656,14,16:00:00,-3.0,Ю-З,3,,,10.0,,1006.0,,1
657,14,16:30:00,-3.0,Ю-З,3,,,10.0,,1006.0,,1
658,14,17:00:00,-3.0,Ю-З,3,BR,8.0,01.Сер,,1006.0,150.0,1
659,14,17:30:00,-3.0,Ю-З,4,FZ,,0.3,,1006.0,,1
660,14,18:00:00,-2.0,Западный,3,FZ,,0.4,,1006.0,,1
661,14,18:30:00,-2.0,Ю-З,3,FZ,,0.8,,1006.0,,1
662,14,19:00:00,-2.0,Ю-З,3,BR,8.0,01.Чер,,1005.0,150.0,1
663,14,19:30:00,-2.0,Ю-З,3,BR,8.0,01.Вер,,1005.0,150.0,1
664,14,20:00:00,-3.0,Западный,2,BR,8.0,04.Лют,,1005.0,300.0,1
665,14,20:30:00,-3.0,Западный,2,,8.0,10.0,,1005.0,300.0,1
666,14,21:00:00,-4.0,Ю-З,2,,6.0,10.0,,1005.0,480.0,1
667,14,21:30:00,-4.0,Ю-З,2,,,10.0,,1005.0,,1
668,14,22:00:00,-4.0,Ю-З,3,,,10.0,,1005.0,,1
669,14,22:30:00,-4.0,Ю-З,3,,,10.0,,1005.0,,1
670,14,23:00:00,-4.0,,0,,,10.0,,1005.0,,1
671,14,23:30:00,-4.0,Южный,3,,,10.0,,1005.0,,1
672,15,00:00:00,-5.0,Ю-З,3,,,10.0,,1005.0,,1
673,15,00:30:00,-5.0,Ю-З,2,,,10.0,,1005.0,,1
674,15,01:00:00,-5.0,Южный,3,,,10.0,,1005.0,,1
675,15,01:30:00,-5.0,Ю-З,5,,,10.0,,1006.0,,1
676,15,02:00:00,-6.0,Ю-З,4,,,10.0,,1006.0,,1
677,15,02:30:00,-6.0,Ю-З,4,,,10.0,,1006.0,,1
678,15,03:00:00,-6.0,Ю-З,4,,,10.0,,1006.0,,1
679,15,03:30:00,-6.0,Ю-З,5,,,10.0,,1006.0,,1
680,15,04:00:00,-4.0,Ю-З,5,,,10.0,,1006.0,,1
681,15,04:30:00,-4.0,Ю-З,5,,,10.0,,1006.0,,1
682,15,05:00:00,-2.0,Ю-З,6,,2.0,10.0,,1007.0,480.0,1
683,15,05:30:00,-2.0,Ю-З,5,,4.0,10.0,,1007.0,480.0,1
684,15,06:00:00,-2.0,Западный,5,,4.0,10.0,,1007.0,480.0,1
685,15,06:30:00,-1.0,Западный,5,,4.0,10.0,,1007.0,780.0,1
686,15,07:00:00,-1.0,Западный,6,,8.0,10.0,,1007.0,600.0,1
687,15,07:30:00,-1.0,Ю-З,5,,8.0,10.0,,1007.0,780.0,1
688,15,08:00:00,-1.0,Западный,5,,8.0,10.0,,1007.0,990.0,1
689,15,08:30:00,-1.0,Западный,5,,8.0,10.0,,1007.0,780.0,1
690,15,09:00:00,-1.0,Западный,5,,8.0,10.0,,1007.0,900.0,1
691,15,09:30:00,-1.0,Западный,5,,6.0,10.0,,1007.0,990.0,1
692,15,10:00:00,-1.0,Западный,4,,6.0,10.0,,1007.0,990.0,1
693,15,10:30:00,-1.0,Западный,5,,6.0,10.0,,1008.0,1200.0,1
694,15,11:00:00,-1.0,Западный,5,,6.0,10.0,,1008.0,1200.0,1
695,15,11:30:00,-2.0,Западный,4,,4.0,10.0,,1008.0,1200.0,1
696,15,12:00:00,-2.0,Западный,3,,4.0,10.0,,1008.0,1200.0,1
697,15,12:30:00,-2.0,Западный,3,,,10.0,,1008.0,,1
698,15,13:00:00,-2.0,Западный,2,,,10.0,,1009.0,,1
699,15,13:30:00,-3.0,Ю-З,2,,,10.0,,1009.0,,1
700,15,14:00:00,-3.0,Ю-З,2,,,10.0,,1009.0,,1
701,15,14:30:00,-3.0,Западный,2,,,10.0,,1009.0,,1
702,15,15:00:00,-3.0,Ю-З,1,,,10.0,,1009.0,,1
703,15,15:30:00,-4.0,Ю-З,2,,,10.0,,1009.0,,1
704,15,16:00:00,-4.0,,0,,,10.0,,1009.0,,1
705,15,16:30:00,-5.0,Южный,2,,,10.0,,1009.0,,1
706,15,17:00:00,-5.0,Ю-З,2,,,10.0,,1010.0,,1
707,15,17:30:00,-4.0,Западный,2,,,10.0,,1010.0,,1
708,15,18:00:00,-4.0,Ю-З,2,,,10.0,,1010.0,,1
709,15,18:30:00,-5.0,Западный,1,,,10.0,,1010.0,,1
710,15,19:00:00,-5.0,,0,,,10.0,,1010.0,,1
711,15,19:30:00,-5.0,,0,BR,,01.Вер,,1010.0,,1
712,15,20:00:00,-5.0,,0,FZ,,0.3,,1010.0,,1
713,15,20:30:00,-6.0,,0,FZ,,0.6,,1010.0,,1
714,15,21:00:00,-6.0,,0,BR,8.0,5.0,,1010.0,240.0,1
715,15,21:30:00,-6.0,,0,,4.0,10.0,,1010.0,3000.0,1
716,15,22:00:00,-6.0,,0,,,10.0,,1010.0,,1
717,15,22:30:00,-5.0,,0,,,10.0,,1010.0,,1
718,15,23:00:00,-5.0,,0,,,10.0,,1010.0,,1
719,15,23:30:00,-5.0,Ю-В,2,SN,8.0,10.0,,1010.0,3000.0,1
720,16,00:00:00,-5.0,,0,SN,8.0,10.0,,1010.0,3000.0,1
721,16,00:30:00,-5.0,,0,SN,8.0,04.Лип,,1010.0,3000.0,1
722,16,01:00:00,-5.0,,0,BR,8.0,01.Чер,,1011.0,3000.0,1
723,16,01:30:00,-5.0,,0,FZ,,0.2,,1011.0,,1
724,16,02:00:00,-5.0,,0,FZ,,0.1,,1011.0,,1
725,16,02:30:00,-5.0,,0,FZ,,0.1,,1011.0,,1
726,16,03:00:00,-5.0,Ю-В,2,FZ,,0.1,,1011.0,,1
727,16,03:30:00,-6.0,,0,FZ,,0.1,,1012.0,,1
728,16,04:00:00,-6.0,,0,FZ,,0.1,,1012.0,,1
729,16,04:30:00,-5.0,,0,FZ,,0.1,,1012.0,,1
730,16,05:00:00,-5.0,Западный,2,FZ,,0.1,,1012.0,,1
731,16,05:30:00,-6.0,С-З,2,FZ,,0.1,,1012.0,,1
732,16,06:00:00,-6.0,С-З,1,FZ,,0.1,,1012.0,,1
733,16,06:30:00,-6.0,,0,FZ,,0.2,,1012.0,,1
734,16,07:00:00,,,0,,,,,,,1
735,16,07:30:00,-4.0,,0,FZ,,0.9,,1012.0,,1
736,16,08:00:00,-4.0,,0,BR,6.0,01.Вер,,1012.0,90.0,1
737,16,08:30:00,-5.0,,0,FZ,,0.6,,1012.0,,1
738,16,09:00:00,-5.0,С-В,1,BR,8.0,01.Тра,,1012.0,90.0,1
739,16,09:30:00,-5.0,Северный,1,BR,6.0,02.Січ,,1012.0,210.0,1
740,16,10:00:00,-5.0,Восточный,1,FZ,,0.8,,1012.0,,1
741,16,10:30:00,-5.0,С-В,2,BR,6.0,02.Кві,,1013.0,90.0,1
742,16,11:00:00,-5.0,С-В,1,BR,6.0,02.Чер,,1013.0,90.0,1
743,16,11:30:00,-5.0,Переменный,1,BR,6.0,02.Лип,,1013.0,180.0,1
744,16,12:00:00,-5.0,С-В,2,BR,6.0,3.0,,1013.0,240.0,1
745,16,12:30:00,-5.0,С-В,1,BR,8.0,02.Сер,,1013.0,540.0,1
746,16,13:00:00,-5.0,,0,BR,8.0,03.Січ,,1014.0,900.0,1
747,16,13:30:00,-5.0,С-В,2,BR,8.0,02.Лип,,1014.0,990.0,1
748,16,14:00:00,-5.0,,0,BR,8.0,03.Лют,,1014.0,1200.0,1
749,16,14:30:00,-5.0,,0,BR,8.0,03.Кві,,1014.0,1200.0,1
750,16,15:00:00,-5.0,,0,,8.0,10.0,,1014.0,1200.0,1
751,16,15:30:00,-5.0,,0,,8.0,10.0,,1014.0,1200.0,1
752,16,16:00:00,-5.0,,0,,8.0,10.0,,1014.0,1200.0,1
753,16,16:30:00,-5.0,,0,,6.0,10.0,,1014.0,1380.0,1
754,16,17:00:00,-5.0,,0,,6.0,10.0,,1014.0,1380.0,1
755,16,17:30:00,-6.0,,0,BR,,5.0,,1014.0,,1
756,16,18:00:00,-6.0,,0,BR,,5.0,,1015.0,,1
757,16,18:30:00,-6.0,,0,BR,,02.Тра,,1015.0,,1
758,16,19:00:00,-6.0,,0,BR,,02.Лют,,1015.0,,1
759,16,19:30:00,-8.0,,0,BR,,5.0,,1015.0,,1
760,16,20:00:00,-8.0,,0,BR,,5.0,,1015.0,,1
761,16,20:30:00,-8.0,,0,BR,6.0,5.0,,1016.0,3000.0,1
762,16,21:00:00,-8.0,,0,,,10.0,,1016.0,,1
763,16,21:30:00,-8.0,Западный,2,,,10.0,,1016.0,,1
764,16,22:00:00,-8.0,,0,,8.0,10.0,,1016.0,1200.0,1
765,16,22:30:00,-8.0,,0,,8.0,10.0,,1016.0,1200.0,1
766,16,23:00:00,-8.0,,0,,8.0,10.0,,1016.0,1200.0,1
767,16,23:30:00,-7.0,,0,,8.0,10.0,,1016.0,1200.0,1
768,17,00:00:00,-7.0,С-З,1,,,10.0,,1016.0,,1
769,17,00:30:00,-7.0,,0,,8.0,10.0,,1016.0,1290.0,1
770,17,01:00:00,-7.0,С-З,1,,8.0,10.0,,1016.0,1290.0,1
771,17,01:30:00,-8.0,Северный,1,,6.0,10.0,,1016.0,1290.0,1
772,17,02:00:00,-8.0,С-В,2,,8.0,10.0,,1017.0,900.0,1
773,17,02:30:00,-8.0,,0,,8.0,10.0,,1017.0,600.0,1
774,17,03:00:00,-8.0,,0,,8.0,10.0,,1017.0,600.0,1
775,17,03:30:00,-7.0,,0,BR,8.0,03.Чер,,1017.0,420.0,1
776,17,04:00:00,-7.0,,0,BR,8.0,3.0,,1018.0,300.0,1
777,17,04:30:00,-6.0,,0,BR+SHSN,6.0,02.Бер,,1018.0,450.0,1
778,17,05:00:00,-6.0,,0,,6.0,10.0,,1018.0,600.0,1
779,17,05:30:00,-6.0,,0,,6.0,10.0,,1018.0,600.0,1
780,17,06:00:00,-6.0,,0,,6.0,10.0,,1018.0,420.0,1
781,17,06:30:00,-6.0,Переменный,1,,6.0,10.0,,1018.0,450.0,1
782,17,07:00:00,-6.0,Переменный,1,,6.0,10.0,,1018.0,420.0,1
783,17,07:30:00,-6.0,,0,,6.0,10.0,,1018.0,420.0,1
784,17,08:00:00,-6.0,,0,SHSN,6.0,4.0,,1018.0,420.0,1
785,17,08:30:00,-6.0,,0,SHSN,6.0,10.0,,1019.0,420.0,1
786,17,09:00:00,-6.0,,0,,4.0,10.0,,1019.0,540.0,1
787,17,09:30:00,-6.0,,0,,,10.0,,1019.0,,1
788,17,10:00:00,-6.0,,0,,,10.0,,1019.0,,1
789,17,10:30:00,-6.0,С-В,2,,,10.0,,1019.0,,1
790,17,11:00:00,-6.0,С-В,2,,,10.0,,1020.0,,1
791,17,11:30:00,-8.0,С-В,2,,,10.0,,1020.0,,1
792,17,12:00:00,-8.0,Восточный,2,,,10.0,,1020.0,,1
793,17,12:30:00,-8.0,Восточный,2,,,10.0,,1021.0,,1
794,17,13:00:00,-8.0,С-В,2,,,10.0,,1021.0,,1
795,17,13:30:00,-7.0,Переменный,2,,,10.0,,1021.0,,1
796,17,14:00:00,-7.0,Восточный,2,,,10.0,,1021.0,,1
797,17,14:30:00,-7.0,С-В,2,,,10.0,,1021.0,,1
798,17,15:00:00,-7.0,Переменный,2,,,10.0,,1022.0,,1
799,17,15:30:00,-8.0,,0,,,10.0,,1022.0,,1
800,17,16:00:00,-8.0,С-В,2,,,10.0,,1022.0,,1
801,17,16:30:00,-9.0,Переменный,2,,,10.0,,1022.0,,1
802,17,17:00:00,-9.0,Восточный,1,BR,8.0,02.Сер,,1023.0,,1
803,17,17:30:00,-8.0,Восточный,1,BR,8.0,03.Січ,,1023.0,,1
804,17,18:00:00,-8.0,Восточный,1,BR,8.0,03.Бер,,1023.0,,1
805,17,18:30:00,-9.0,,0,BR,6.0,03.Кві,,1023.0,,1
806,17,19:00:00,-9.0,,0,BR,6.0,04.Січ,,1023.0,,1
807,17,19:30:00,-10.0,Северный,2,BR,,03.Сер,,1023.0,,1
808,17,20:00:00,-10.0,,0,BR,,03.Сер,,1024.0,,1
809,17,20:30:00,-9.0,Переменный,1,BR,,04.Тра,,1024.0,,1
810,17,21:00:00,-9.0,С-В,1,BR,,04.Тра,,1024.0,,1
811,17,21:30:00,-10.0,Переменный,1,BR,,04.Лип,,1024.0,,1
812,17,22:00:00,-10.0,Северный,2,BR,,04.Сер,,1024.0,,1
813,17,22:30:00,-10.0,С-В,2,BR,,5.0,,1024.0,,1
814,17,23:00:00,-10.0,Переменный,2,,,10.0,,1024.0,,1
815,17,23:30:00,-11.0,Северный,2,,,10.0,,1025.0,,1
816,18,00:00:00,-11.0,Северный,2,,,10.0,,1025.0,,1
817,18,00:30:00,-11.0,Северный,3,,,10.0,,1025.0,,1
818,18,01:00:00,-11.0,Северный,2,,,10.0,,1025.0,,1
819,18,01:30:00,-10.0,,0,,,10.0,,1025.0,,1
820,18,02:00:00,-10.0,Переменный,1,,,10.0,,1026.0,,1
821,18,02:30:00,-11.0,Северный,2,,,10.0,,1026.0,,1
822,18,03:00:00,-11.0,С-З,2,,,10.0,,1026.0,,1
823,18,03:30:00,-11.0,Северный,2,,,10.0,,1026.0,,1
824,18,04:00:00,-11.0,Северный,1,,,10.0,,1026.0,,1
825,18,04:30:00,-10.0,,0,,,10.0,,1026.0,,1
826,18,05:00:00,-10.0,,0,,,10.0,,1026.0,,1
827,18,05:30:00,-8.0,Северный,1,,,10.0,,1026.0,,1
828,18,06:00:00,-8.0,Северный,2,,,10.0,,1026.0,,1
829,18,06:30:00,-7.0,С-З,2,,,10.0,,1026.0,,1
830,18,07:00:00,-7.0,С-З,3,,,10.0,,1026.0,,1
831,18,07:30:00,-6.0,С-З,4,,,10.0,,1026.0,,1
832,18,08:00:00,-6.0,С-З,4,,,10.0,,1026.0,,1
833,18,08:30:00,-7.0,Северный,3,,,10.0,,1026.0,,1
834,18,09:00:00,-7.0,С-З,3,BR,8.0,5.0,,1027.0,690.0,1
835,18,09:30:00,-7.0,С-З,3,BR,8.0,5.0,,1027.0,420.0,1
836,18,10:00:00,-7.0,Северный,2,BR,8.0,5.0,,1027.0,420.0,1
837,18,10:30:00,-7.0,Северный,3,,8.0,10.0,,1027.0,360.0,1
838,18,11:00:00,-7.0,С-З,3,,8.0,10.0,,1027.0,360.0,1
839,18,11:30:00,-7.0,С-З,2,,8.0,10.0,,1027.0,360.0,1
840,18,12:00:00,-7.0,С-З,2,,8.0,10.0,,1027.0,360.0,1
841,18,12:30:00,-8.0,С-З,4,,8.0,10.0,,1027.0,360.0,1
842,18,13:00:00,-8.0,С-З,3,,8.0,10.0,,1027.0,360.0,1
843,18,13:30:00,-8.0,С-З,3,,8.0,10.0,,1028.0,360.0,1
844,18,14:00:00,-8.0,Северный,3,,8.0,10.0,,1027.0,360.0,1
845,18,14:30:00,-8.0,Северный,2,,8.0,10.0,,1027.0,360.0,1
846,18,15:00:00,-8.0,Северный,1,,8.0,10.0,,1027.0,360.0,1
847,18,15:30:00,-8.0,,0,,8.0,10.0,,1027.0,540.0,1
848,18,16:00:00,-8.0,,0,,8.0,10.0,,1027.0,540.0,1
849,18,16:30:00,-7.0,С-З,2,,8.0,10.0,,1027.0,690.0,1
850,18,17:00:00,-7.0,,0,,8.0,10.0,,1027.0,690.0,1
851,18,17:30:00,-7.0,С-З,1,,8.0,10.0,,1027.0,990.0,1
852,18,18:00:00,-7.0,С-З,2,,8.0,10.0,,1027.0,990.0,1
853,18,18:30:00,-7.0,С-З,2,,8.0,10.0,,1027.0,690.0,1
854,18,19:00:00,-7.0,С-З,2,,8.0,10.0,,1027.0,690.0,1
855,18,19:30:00,-7.0,Северный,2,,8.0,10.0,,1027.0,990.0,1
856,18,20:00:00,-7.0,Северный,3,,8.0,10.0,,1027.0,990.0,1
857,18,20:30:00,-8.0,Северный,3,,,10.0,,1027.0,,1
858,18,21:00:00,-8.0,Северный,2,,,10.0,,1027.0,,1
859,18,21:30:00,-9.0,Северный,2,,,10.0,,1027.0,,1
860,18,22:00:00,-9.0,С-В,2,,,10.0,,1027.0,,1
861,18,22:30:00,-9.0,С-В,2,,,10.0,,1027.0,,1
862,18,23:00:00,-9.0,С-В,2,,,10.0,,1027.0,,1
863,18,23:30:00,-8.0,С-З,2,,6.0,10.0,,1027.0,690.0,1
864,19,00:00:00,-8.0,С-З,2,,6.0,10.0,,1027.0,690.0,1
865,19,00:30:00,-8.0,Северный,2,,6.0,10.0,,1027.0,690.0,1
866,19,01:00:00,-8.0,,0,,6.0,10.0,,1027.0,690.0,1
867,19,01:30:00,-10.0,С-В,2,,4.0,10.0,,1027.0,690.0,1
868,19,02:00:00,-10.0,Северный,1,,4.0,10.0,,1027.0,690.0,1
869,19,02:30:00,-10.0,С-З,2,,,10.0,,1027.0,,1
870,19,03:00:00,-10.0,Северный,2,,,10.0,,1027.0,,1
871,19,03:30:00,-10.0,С-В,2,,,10.0,,1027.0,,1
872,19,04:00:00,-10.0,Северный,2,,,10.0,,1027.0,,1
873,19,04:30:00,-9.0,Северный,2,,6.0,10.0,,1027.0,210.0,1
874,19,05:00:00,-8.0,Северный,2,,6.0,10.0,,1027.0,450.0,1
875,19,05:30:00,-8.0,Северный,2,,,10.0,,1026.0,,1
876,19,06:00:00,-7.0,С-В,2,,,10.0,,1026.0,,1
877,19,06:30:00,-7.0,Переменный,2,,,10.0,,1026.0,,1
878,19,07:00:00,-6.0,,0,,,10.0,,1025.0,,1
879,19,07:30:00,-6.0,,0,,,10.0,,1025.0,,1
880,19,08:00:00,-5.0,,0,,,10.0,,1025.0,,1
881,19,08:30:00,-5.0,,0,,,10.0,,1025.0,,1
882,19,09:00:00,-5.0,,0,,,10.0,,1025.0,,1
883,19,09:30:00,-5.0,,0,,,10.0,,1025.0,,1
884,19,10:00:00,-5.0,,0,BR,4.0,5.0,,1025.0,480.0,1
885,19,10:30:00,-6.0,Восточный,1,BR,6.0,5.0,,1025.0,690.0,1
886,19,11:00:00,-6.0,Переменный,1,BR,6.0,10.0,,1025.0,690.0,1
887,19,11:30:00,-6.0,Южный,3,,6.0,10.0,,1024.0,690.0,1
888,19,12:00:00,-6.0,Южный,2,,6.0,10.0,,1024.0,750.0,1
889,19,12:30:00,-7.0,Южный,3,,8.0,10.0,,1024.0,720.0,1
890,19,13:00:00,-7.0,Южный,2,,8.0,10.0,,1024.0,720.0,1
891,19,13:30:00,-6.0,Южный,4,,8.0,10.0,,1024.0,660.0,1
892,19,14:00:00,-6.0,Южный,4,,8.0,10.0,,1024.0,660.0,1
893,19,14:30:00,-5.0,Ю-З,3,,8.0,10.0,,1024.0,690.0,1
894,19,15:00:00,-5.0,Южный,4,,8.0,10.0,,1023.0,690.0,1
895,19,15:30:00,-5.0,Южный,4,,8.0,10.0,,1023.0,660.0,1
896,19,16:00:00,-5.0,Южный,5,,8.0,10.0,,1022.0,660.0,1
897,19,16:30:00,-4.0,Южный,5,,8.0,10.0,,1022.0,690.0,1
898,19,17:00:00,-4.0,Южный,5,,8.0,10.0,,1022.0,600.0,1
899,19,17:30:00,-4.0,Южный,6,,8.0,10.0,,1022.0,660.0,1
900,19,18:00:00,-4.0,Южный,4,,8.0,10.0,,1021.0,660.0,1
901,19,18:30:00,-5.0,Южный,6,,8.0,10.0,,1021.0,600.0,1
902,19,19:00:00,-5.0,Южный,4,,8.0,10.0,,1021.0,600.0,1
903,19,19:30:00,-6.0,Южный,3,,8.0,10.0,,1021.0,690.0,1
904,19,20:00:00,-6.0,Южный,5,,8.0,10.0,,1021.0,690.0,1
905,19,20:30:00,-6.0,Южный,5,,,10.0,,1020.0,,1
906,19,21:00:00,-6.0,Южный,5,,,10.0,,1020.0,,1
907,19,21:30:00,-6.0,Ю-В,4,,,10.0,,1019.0,,1
908,19,22:00:00,-6.0,Южный,4,,,10.0,,1019.0,,1
909,19,22:30:00,-6.0,Ю-В,5,,6.0,5.0,,1018.0,330.0,1
910,19,23:00:00,-6.0,Ю-В,6,,6.0,5.0,,1018.0,330.0,1
911,19,23:30:00,-5.0,Ю-В,7,,6.0,5.0,,1018.0,390.0,1
912,20,00:00:00,-5.0,Ю-В,7,,,10.0,,1017.0,,1
913,20,00:30:00,-6.0,Ю-В,7,,,10.0,,1018.0,,1
914,20,01:00:00,-6.0,Южный,8,,,10.0,,1018.0,,1
915,20,01:30:00,-5.0,Южный,8,,,10.0,,1018.0,,1
916,20,02:00:00,-5.0,Южный,8,,4.0,10.0,,1018.0,990.0,1
917,20,02:30:00,-5.0,Южный,8,,4.0,10.0,,1017.0,780.0,1
918,20,03:00:00,-5.0,Южный,9,SHSN,4.0,03.Чер,,1017.0,780.0,1
919,20,03:30:00,-5.0,Южный,9,SHSN,6.0,02.Січ,,1017.0,390.0,1
920,20,04:00:00,-5.0,Южный,10,SHSN,6.0,02.Кві,,1017.0,390.0,1
921,20,04:30:00,-5.0,Южный,9,SHSN,6.0,01.Січ,,1016.0,390.0,1
922,20,05:00:00,-4.0,Южный,9,BL+SHSN,,0.8,,1016.0,,1
923,20,05:30:00,-3.0,Южный,10,BL+SHSN,6.0,01.Вер,,1015.0,390.0,1
924,20,06:00:00,-3.0,Южный,10,BL+SHSN,6.0,01.Вер,,1015.0,390.0,1
925,20,06:30:00,-2.0,Южный,11,BL+SHSN,6.0,01.Лип,,1014.0,390.0,1
926,20,07:00:00,-2.0,Южный,11,BL+SHSN,,0.6,,1014.0,,1
927,20,07:30:00,-2.0,Южный,10,BL,,0.5,,1014.0,,1
928,20,08:00:00,-1.0,Южный,10,BL,,0.7,,1014.0,,1
929,20,08:30:00,-1.0,Южный,9,BL,,0.9,,1014.0,,1
930,20,09:00:00,-1.0,Южный,10,BL+SHSN,6.0,01.Кві,,1014.0,390.0,1
931,20,09:30:00,-1.0,Южный,9,BL+SHSN,6.0,01.Кві,,1014.0,390.0,1
932,20,10:00:00,0.0,Южный,8,BL+SHSN,6.0,01.Бер,,1014.0,390.0,1
933,20,10:30:00,0.0,Южный,9,BL+SHSN,6.0,01.Вер,,1014.0,390.0,1
934,20,11:00:00,0.0,Южный,9,BL+SHSN,6.0,01.Вер,,1014.0,390.0,1
935,20,11:30:00,0.0,Южный,8,SHSN,6.0,01.Бер,,1014.0,390.0,1
936,20,12:00:00,0.0,Южный,7,SHSN,6.0,01.Тра,,1014.0,390.0,1
937,20,12:30:00,0.0,Южный,7,SHSN,6.0,02.Тра,,1014.0,390.0,1
938,20,13:00:00,0.0,Южный,8,SNRA,6.0,02.Лют,,1014.0,390.0,1
939,20,13:30:00,0.0,Южный,8,SNRA,6.0,02.Тра,,1014.0,390.0,1
940,20,14:00:00,0.0,Южный,7,SNRA,6.0,02.Чер,,1014.0,390.0,1
941,20,14:30:00,0.0,Южный,6,SNRA,6.0,02.Бер,,1014.0,390.0,1
942,20,15:00:00,0.0,Южный,7,BR+SNRA,6.0,02.Чер,,1014.0,360.0,1
943,20,15:30:00,0.0,Южный,7,SNRA,8.0,10.0,,1014.0,270.0,1
944,20,16:00:00,0.0,Южный,8,SNRA,8.0,02.Чер,,1014.0,270.0,1
945,20,16:30:00,0.0,Южный,8,SNRA,8.0,02.Лют,,1014.0,240.0,1
946,20,17:00:00,0.0,Южный,6,SNRA,8.0,02.Лют,,1014.0,240.0,1
947,20,17:30:00,0.0,Южный,8,SNRA,8.0,01.Лют,,1013.0,210.0,1
948,20,18:00:00,0.0,Южный,9,SNRA,8.0,02.Бер,,1013.0,240.0,1
949,20,18:30:00,0.0,Южный,9,SNRA,8.0,04.Кві,,1013.0,240.0,1
950,20,19:00:00,0.0,Южный,9,SNRA,8.0,04.Лип,,1013.0,240.0,1
951,20,19:30:00,0.0,Южный,10,,8.0,10.0,,1013.0,270.0,1
952,20,20:00:00,1.0,Южный,10,,8.0,10.0,,1013.0,270.0,1
953,20,20:30:00,1.0,Южный,10,SNRA,8.0,10.0,,1013.0,330.0,1
954,20,21:00:00,0.0,Южный,9,SNRA,6.0,02.Січ,,1013.0,390.0,1
955,20,21:30:00,0.0,Ю-В,8,SNRA,,0.7,,1013.0,,1
956,20,22:00:00,0.0,Ю-В,8,SNRA,,0.7,,1012.0,,1
957,20,22:30:00,0.0,Ю-В,8,SNRA,,0.6,,1012.0,,1
958,20,23:00:00,0.0,Ю-В,9,SNRA,,0.7,,1012.0,,1
959,20,23:30:00,0.0,Ю-В,9,SNRA,,0.7,,1012.0,,1
960,21,00:00:00,0.0,Ю-В,9,SNRA,,0.6,,1012.0,,1
961,21,00:30:00,0.0,Ю-В,9,SNRA,,0.6,,1013.0,,1
962,21,01:00:00,0.0,Ю-В,10,SNRA,,0.6,,1013.0,,1
963,21,01:30:00,0.0,Ю-В,11,SNRA,,0.9,,1013.0,,1
964,21,02:00:00,0.0,Ю-В,11,SNRA,6.0,01.Лют,,1013.0,420.0,1
965,21,02:30:00,0.0,Ю-В,12,SNRA,8.0,01.Січ,,1012.0,330.0,1
966,21,03:00:00,0.0,Ю-В,11,SNRA,8.0,01.Вер,,1013.0,330.0,1
967,21,03:30:00,0.0,Ю-В,12,SNRA,8.0,02.Сер,,1013.0,330.0,1
968,21,04:00:00,0.0,Ю-В,12,SNRA,8.0,02.Лют,,1013.0,330.0,1
969,21,04:30:00,0.0,Ю-В,12,SNRA,8.0,01.Сер,,1012.0,300.0,1
970,21,05:00:00,0.0,Ю-В,11,SNRA,8.0,01.Вер,,1012.0,300.0,1
971,21,05:30:00,0.0,Ю-В,12,SNRA,8.0,3.0,,1012.0,270.0,1
972,21,06:00:00,0.0,Ю-В,12,SNRA,8.0,04.Кві,,1012.0,270.0,1
973,21,06:30:00,0.0,Ю-В,13,SNRA,8.0,10.0,,1012.0,270.0,1
974,21,07:00:00,0.0,Ю-В,12,SNRA,8.0,10.0,,1012.0,270.0,1
975,21,07:30:00,0.0,Ю-В,12,SNRA,8.0,10.0,,1012.0,270.0,1
976,21,08:00:00,0.0,Ю-В,11,SNRA,8.0,10.0,,1012.0,300.0,1
977,21,08:30:00,0.0,Ю-В,11,SNRA,8.0,03.Сер,,1012.0,300.0,1
978,21,09:00:00,0.0,Ю-В,12,SNRA,8.0,10.0,,1012.0,450.0,1
979,21,09:30:00,0.0,Ю-В,12,SNRA,8.0,04.Чер,,1012.0,450.0,1
980,21,10:00:00,0.0,Ю-В,11,SNRA,8.0,10.0,,1012.0,510.0,1
981,21,10:30:00,0.0,Ю-В,10,SN,8.0,10.0,,1012.0,510.0,1
982,21,11:00:00,-1.0,Ю-В,10,,8.0,10.0,,1012.0,990.0,1
983,21,11:30:00,-1.0,Ю-В,9,,,10.0,,1012.0,,1
984,21,12:00:00,-1.0,Ю-В,10,,,10.0,,1012.0,,1
985,21,12:30:00,-1.0,Ю-В,10,,,10.0,,1012.0,,1
986,21,13:00:00,-1.0,Ю-В,10,,8.0,10.0,,1012.0,1290.0,1
987,21,13:30:00,-1.0,Ю-В,11,,8.0,10.0,,1012.0,1290.0,1
988,21,14:00:00,-2.0,Ю-В,9,,8.0,10.0,,1012.0,1290.0,1
989,21,14:30:00,-2.0,Ю-В,9,,8.0,10.0,,1011.0,1200.0,1
990,21,15:00:00,-3.0,Ю-В,10,,8.0,10.0,,1011.0,1200.0,1
991,21,15:30:00,-3.0,Ю-В,9,,8.0,10.0,,1011.0,1200.0,1
992,21,16:00:00,-3.0,Ю-В,9,,8.0,10.0,,1011.0,1200.0,1
993,21,16:30:00,-3.0,Ю-В,8,,8.0,10.0,,1012.0,1200.0,1
994,21,17:00:00,-4.0,Ю-В,10,,8.0,10.0,,1011.0,900.0,1
995,21,17:30:00,-4.0,Ю-В,10,,8.0,10.0,,1011.0,690.0,1
996,21,18:00:00,-4.0,Ю-В,10,,8.0,10.0,,1011.0,540.0,1
997,21,18:30:00,-4.0,Ю-В,10,,8.0,10.0,,1011.0,540.0,1
998,21,19:00:00,-4.0,Ю-В,10,,8.0,10.0,,1011.0,540.0,1
999,21,19:30:00,-4.0,Ю-В,10,,8.0,10.0,,1010.0,480.0,1
1000,21,20:00:00,-4.0,Ю-В,10,,8.0,10.0,,1010.0,480.0,1
1001,21,20:30:00,-4.0,Ю-В,10,,8.0,10.0,,1010.0,480.0,1
1002,21,21:00:00,-4.0,Ю-В,10,,8.0,10.0,,1010.0,420.0,1
1003,21,21:30:00,-4.0,Ю-В,9,,8.0,10.0,,1009.0,420.0,1
1004,21,22:00:00,-3.0,Ю-В,10,,8.0,10.0,,1009.0,450.0,1
1005,21,22:30:00,-3.0,Ю-В,10,,8.0,10.0,,1009.0,450.0,1
1006,21,23:00:00,-3.0,Ю-В,10,,8.0,10.0,,1009.0,450.0,1
1007,21,23:30:00,-3.0,Ю-В,9,BR,8.0,02.Січ,,1009.0,450.0,1
1008,22,00:00:00,-3.0,Ю-В,9,BR+SN,8.0,01.Сер,,1009.0,360.0,1
1009,22,00:30:00,-3.0,Ю-В,11,BR+SN,8.0,01.Лют,,1008.0,270.0,1
1010,22,01:00:00,-3.0,Ю-В,11,BL+SN,8.0,01.Вер,,1008.0,240.0,1
1011,22,01:30:00,-3.0,Ю-В,10,BL+SN,8.0,01.Вер,,1008.0,240.0,1
1012,22,02:00:00,-3.0,Ю-В,9,BL+SN,8.0,01.Лют,,1008.0,240.0,1
1013,22,02:30:00,-3.0,Ю-В,10,BL+SN,8.0,01.Січ,,1008.0,210.0,1
1014,22,03:00:00,-3.0,Ю-В,10,BL+SN,8.0,01.Кві,,1008.0,210.0,1
1015,22,03:30:00,-3.0,Ю-В,9,BL+SN,8.0,01.Бер,,1007.0,210.0,1
1016,22,04:00:00,-2.0,Ю-В,10,BL+SN,8.0,01.Сер,,1007.0,210.0,1
1017,22,04:30:00,-2.0,Ю-В,10,BL+SN,8.0,01.Бер,,1007.0,210.0,1
1018,22,05:00:00,-2.0,Ю-В,11,BL+SN,8.0,01.Січ,,1006.0,210.0,1
1019,22,05:30:00,-2.0,Ю-В,11,BL+SN,8.0,01.Січ,,1006.0,210.0,1
1020,22,06:00:00,-2.0,Ю-В,10,BL+SN,8.0,01.Січ,,1006.0,210.0,1
1021,22,06:30:00,-2.0,Ю-В,10,BL+SN,,0.8,,1006.0,,1
1022,22,07:00:00,-2.0,Ю-В,10,BL+SN,,0.8,,1005.0,,1
1023,22,07:30:00,-2.0,Ю-В,9,BL+SN,,0.8,,1005.0,,1
1024,22,08:00:00,-2.0,Ю-В,10,BL+SN,,0.9,,1005.0,,1
1025,22,08:30:00,-2.0,Ю-В,11,BL+SN,,0.6,,1005.0,,1
1026,22,09:00:00,-2.0,Ю-В,9,BL+SN,,0.8,,1005.0,,1
1027,22,09:30:00,-2.0,Восточный,9,BL+SN,,0.8,,1004.0,,1
1028,22,10:00:00,-3.0,Восточный,10,BL+SN,,0.8,,1004.0,,1
1029,22,10:30:00,-3.0,Восточный,11,BL+SN,,0.8,,1004.0,,1
1030,22,11:00:00,-3.0,Восточный,9,BL+SN,,0.9,,1003.0,,1
1031,22,11:30:00,-3.0,Ю-В,9,BL+SN,,01.Сер,,1003.0,,1
1032,22,12:00:00,-3.0,Ю-В,9,BL+SN,8.0,01.Вер,,1003.0,90.0,1
1033,22,12:30:00,-3.0,Ю-В,11,BL+SN,8.0,1.0,,1002.0,90.0,1
1034,22,13:00:00,-3.0,Ю-В,10,BL+SN,8.0,01.Вер,,1002.0,120.0,1
1035,22,13:30:00,-3.0,Ю-В,11,BL+SN,8.0,01.Сер,,1001.0,120.0,1
1036,22,14:00:00,-2.0,Ю-В,10,BL+SN,8.0,01.Сер,,1001.0,120.0,1
1037,22,14:30:00,-2.0,Ю-В,11,BL+SN,8.0,01.Тра,,1001.0,120.0,1
1038,22,15:00:00,-2.0,Ю-В,9,BL+SN,8.0,01.Вер,,1001.0,120.0,1
1039,22,15:30:00,-2.0,Ю-В,9,BL+SN,8.0,01.Сер,,1000.0,120.0,1
1040,22,16:00:00,0.0,Ю-В,7,BL+SN,8.0,01.Вер,,1000.0,120.0,1
1041,22,16:30:00,0.0,Южный,7,BL+SN,,0.5,,1001.0,,1
1042,22,17:00:00,1.0,Южный,7,FG,,0.2,,1001.0,,1
1043,22,17:30:00,1.0,Южный,8,FG,,0.3,,1002.0,,1
1044,22,18:00:00,0.0,Ю-З,9,FG,,0.6,,1002.0,,1
1045,22,18:30:00,0.0,Ю-З,10,BR,8.0,01.Сер,,1003.0,120.0,1
1046,22,19:00:00,0.0,Ю-З,9,BR,8.0,01.Вер,,1003.0,120.0,1
1047,22,19:30:00,0.0,Ю-З,7,BR,8.0,02.Кві,,1003.0,120.0,1
1048,22,20:00:00,0.0,Ю-З,7,BR,8.0,03.Лют,,1004.0,120.0,1
1049,22,20:30:00,0.0,Южный,7,,8.0,10.0,,1004.0,120.0,1
1050,22,21:00:00,0.0,Южный,5,,8.0,10.0,,1004.0,180.0,1
1051,22,21:30:00,0.0,Южный,5,,8.0,10.0,,1005.0,180.0,1
1052,22,22:00:00,0.0,Южный,6,,8.0,10.0,,1005.0,180.0,1
1053,22,22:30:00,0.0,Южный,6,,8.0,10.0,,1005.0,180.0,1
1054,22,23:00:00,0.0,Южный,5,,8.0,10.0,,1005.0,180.0,1
1055,22,23:30:00,0.0,Южный,5,,8.0,10.0,,1006.0,180.0,1
1056,23,00:00:00,0.0,Западный,4,,8.0,10.0,,1007.0,120.0,1
1057,23,00:30:00,-1.0,Западный,2,,8.0,10.0,,1007.0,120.0,1
1058,23,01:00:00,-1.0,Западный,2,,8.0,10.0,,1007.0,120.0,1
1059,23,01:30:00,-2.0,С-З,2,SN,8.0,02.Бер,,1007.0,180.0,1
1060,23,02:00:00,-2.0,Западный,2,SN,8.0,01.Тра,,1008.0,180.0,1
1061,23,02:30:00,-2.0,Западный,3,SN,8.0,01.Чер,,1008.0,180.0,1
1062,23,03:00:00,-2.0,Западный,2,SN,8.0,10.0,,1008.0,180.0,1
1063,23,03:30:00,-3.0,Западный,5,SN,8.0,04.Вер,,1009.0,390.0,1
1064,23,04:00:00,-3.0,Западный,3,SN,8.0,02.Лют,,1009.0,390.0,1
1065,23,04:30:00,-3.0,С-З,3,SN,8.0,02.Січ,,1009.0,300.0,1
1066,23,05:00:00,-3.0,Западный,3,SN,8.0,01.Сер,,1009.0,300.0,1
1067,23,05:30:00,-3.0,Западный,3,SN,8.0,01.Бер,,1010.0,270.0,1
1068,23,06:00:00,-3.0,Западный,2,SN,8.0,01.Січ,,1010.0,210.0,1
1069,23,06:30:00,-3.0,Западный,2,SN,8.0,01.Січ,,1010.0,210.0,1
1070,23,07:00:00,-3.0,Западный,3,SN,,0.8,,1010.0,,1
1071,23,07:30:00,-3.0,Западный,3,SN,,1.0,,1011.0,,1
1072,23,08:00:00,-3.0,Западный,2,SN,8.0,01.Чер,,1011.0,120.0,1
1073,23,08:30:00,-3.0,С-З,1,SN,8.0,01.Вер,,1011.0,120.0,1
1074,23,09:00:00,-3.0,,0,SN,8.0,03.Вер,,1011.0,180.0,1
1075,23,09:30:00,-3.0,С-З,2,SN,8.0,01.Кві,,1011.0,120.0,1
1076,23,10:00:00,-3.0,С-З,1,SN,8.0,01.Вер,,1012.0,120.0,1
1077,23,10:30:00,-3.0,Западный,1,SN,8.0,01.Січ,,1012.0,120.0,1
1078,23,11:00:00,-3.0,Западный,2,SN,8.0,01.Січ,,1012.0,90.0,1
1079,23,11:30:00,-3.0,С-З,1,SN,8.0,01.Лют,,1012.0,90.0,1
1080,23,12:00:00,-3.0,Западный,1,SN,8.0,01.Вер,,1013.0,90.0,1
1081,23,12:30:00,-4.0,С-З,1,SN,8.0,02.Вер,,1013.0,150.0,1
1082,23,13:00:00,-4.0,Западный,2,SN,8.0,03.Сер,,1013.0,180.0,1
1083,23,13:30:00,-4.0,Западный,3,SN,8.0,02.Сер,,1013.0,180.0,1
1084,23,14:00:00,-4.0,Западный,2,SN,8.0,04.Бер,,1014.0,180.0,1
1085,23,14:30:00,-5.0,Ю-З,2,,8.0,10.0,,1014.0,180.0,1
1086,23,15:00:00,-5.0,Ю-З,2,,8.0,10.0,,1014.0,180.0,1
1087,23,15:30:00,-5.0,Западный,1,,,10.0,,1014.0,,1
1088,23,16:00:00,-5.0,,0,BR,4.0,5.0,,1015.0,,1
1089,23,16:30:00,-6.0,,0,BR,4.0,03.Лют,,1015.0,,1
1090,23,17:00:00,-6.0,,0,BR,4.0,03.Лют,,1015.0,,1
1091,23,17:30:00,-6.0,,0,BR,4.0,02.Бер,,1015.0,,1
1092,23,18:00:00,-6.0,Северный,2,BR,4.0,04.Лип,,1015.0,,1
1093,23,18:30:00,-6.0,,0,BR,,02.Січ,,1015.0,,1
1094,23,19:00:00,-6.0,С-В,2,BR,,01.Кві,,1016.0,,1
1095,23,19:30:00,-9.0,С-В,2,FZ,,0.1,,1016.0,,1
1096,23,20:00:00,-9.0,Восточный,2,FZ,,0.2,,1016.0,,1
1097,23,20:30:00,-10.0,Восточный,2,FZ,,0.4,,1016.0,,1
1098,23,21:00:00,-10.0,Восточный,2,BR,,01.Бер,,1016.0,,1
1099,23,21:30:00,-9.0,Восточный,2,BR,2.0,01.Вер,,1016.0,3000.0,1
1100,23,22:00:00,-9.0,С-В,2,BR,2.0,01.Лют,,1016.0,3000.0,1
1101,23,22:30:00,-9.0,,0,FZ,2.0,0.2,,1016.0,3000.0,1
1102,23,23:00:00,-9.0,Ю-В,2,FZ,2.0,0.1,,1017.0,3000.0,1
1103,23,23:30:00,-7.0,Восточный,2,FZ,4.0,0.8,,1017.0,3000.0,1
1104,24,00:00:00,-7.0,Ю-В,2,BR,4.0,01.Чер,,1017.0,3000.0,1
1105,24,00:30:00,-6.0,Восточный,2,BR,8.0,01.Сер,,1017.0,180.0,1
1106,24,01:00:00,-6.0,Переменный,2,BR,8.0,01.Вер,,1017.0,150.0,1
1107,24,01:30:00,-5.0,Ю-В,4,BR,8.0,01.Вер,,1018.0,150.0,1
1108,24,02:00:00,-5.0,,0,BR,8.0,01.Вер,,1018.0,120.0,1
1109,24,02:30:00,-5.0,,0,BR,8.0,01.Чер,,1018.0,90.0,1
1110,24,03:00:00,-5.0,Восточный,2,BR,8.0,01.Лип,,1018.0,90.0,1
1111,24,03:30:00,-4.0,,0,BR,8.0,01.Січ,,1018.0,90.0,1
1112,24,04:00:00,-4.0,С-В,2,FZ,,0.6,,1018.0,,1
1113,24,04:30:00,-4.0,Восточный,2,BR,8.0,01.Чер,,1018.0,90.0,1
1114,24,05:00:00,-4.0,С-В,2,FZ,,0.6,,1018.0,,1
1115,24,05:30:00,-3.0,Восточный,4,FZ,,0.9,,1018.0,,1
1116,24,06:00:00,-3.0,С-В,3,FZ,,0.6,,1018.0,,1
1117,24,06:30:00,-3.0,Восточный,3,FZ,,0.9,,1018.0,,1
1118,24,07:00:00,-3.0,Восточный,3,FZ,,0.9,,1018.0,,1
1119,24,07:30:00,-3.0,Восточный,3,FZ,,0.9,,1018.0,,1
1120,24,08:00:00,-3.0,Восточный,4,FZ+SN,,0.8,,1018.0,,1
1121,24,08:30:00,-2.0,Восточный,3,BR+SN,8.0,01.Січ,,1018.0,90.0,1
1122,24,09:00:00,-2.0,Восточный,3,BR+SN,8.0,01.Тра,,1019.0,120.0,1
1123,24,09:30:00,-2.0,С-В,3,BR+SN,8.0,01.Лип,,1019.0,120.0,1
1124,24,10:00:00,-2.0,С-В,3,BR+SN,8.0,01.Чер,,1019.0,120.0,1
1125,24,10:30:00,-2.0,Восточный,3,FZ,,0.9,,1019.0,,1
1126,24,11:00:00,-2.0,Ю-В,5,FZ,,0.6,,1019.0,,1
1127,24,11:30:00,-1.0,Ю-В,5,FZ+SN,,0.3,,1019.0,,1
1128,24,12:00:00,-1.0,Ю-В,6,FZ+SN,,0.3,,1019.0,,1
1129,24,12:30:00,-2.0,Восточный,6,BR+SN,8.0,01.Січ,,1019.0,90.0,1
1130,24,13:00:00,-2.0,Ю-В,6,BR+SN,8.0,02.Січ,,1020.0,120.0,1
1131,24,13:30:00,-2.0,Ю-В,6,BR,8.0,01.Бер,,1020.0,90.0,1
1132,24,14:00:00,-2.0,Восточный,6,BR,8.0,01.Вер,,1020.0,120.0,1
1133,24,14:30:00,-3.0,Восточный,6,BR,8.0,03.Лип,,1020.0,150.0,1
1134,24,15:00:00,-3.0,Восточный,6,BR,8.0,04.Січ,,1020.0,180.0,1
1135,24,15:30:00,-4.0,Ю-В,6,BR,8.0,04.Сер,,1021.0,180.0,1
1136,24,16:00:00,-4.0,Восточный,6,,8.0,10.0,,1021.0,240.0,1
1137,24,16:30:00,-4.0,Восточный,6,,8.0,10.0,,1021.0,240.0,1
1138,24,17:00:00,-4.0,Восточный,6,BR,8.0,04.Вер,,1021.0,210.0,1
1139,24,17:30:00,-5.0,Восточный,7,BR+SN,8.0,03.Сер,,1021.0,210.0,1
1140,24,18:00:00,-5.0,Восточный,6,BR+SN,8.0,04.Сер,,1021.0,180.0,1
1141,24,18:30:00,-5.0,Восточный,6,BR+SN,8.0,04.Чер,,1021.0,180.0,1
1142,24,19:00:00,-5.0,Восточный,6,BR+SN,8.0,04.Кві,,1021.0,180.0,1
1143,24,19:30:00,-6.0,Восточный,5,,8.0,10.0,,1021.0,210.0,1
1144,24,20:00:00,-6.0,Восточный,5,,8.0,10.0,,1021.0,240.0,1
1145,24,20:30:00,-7.0,Восточный,5,,8.0,10.0,,1021.0,300.0,1
1146,24,21:00:00,-7.0,Восточный,7,,8.0,10.0,,1021.0,300.0,1
1147,24,21:30:00,-7.0,Восточный,8,,8.0,10.0,,1021.0,300.0,1
1148,24,22:00:00,-7.0,Восточный,6,,8.0,10.0,,1022.0,330.0,1
1149,24,22:30:00,-8.0,Восточный,7,,8.0,10.0,,1022.0,300.0,1
1150,24,23:00:00,-8.0,Восточный,6,,8.0,10.0,,1022.0,270.0,1
1151,24,23:30:00,-8.0,Восточный,7,BR,8.0,04.Січ,,1022.0,240.0,1
1152,25,00:00:00,-8.0,Восточный,8,BR,8.0,5.0,,1022.0,210.0,1
1153,25,00:30:00,-8.0,Восточный,8,BR,8.0,01.Тра,,1022.0,210.0,1
1154,25,01:00:00,-8.0,Восточный,9,BR,8.0,02.Лип,,1022.0,210.0,1
1155,25,01:30:00,-8.0,Восточный,9,BR,8.0,03.Лют,,1023.0,300.0,1
1156,25,02:00:00,-8.0,Восточный,9,,6.0,10.0,,1023.0,390.0,1
1157,25,02:30:00,-8.0,Восточный,9,,,10.0,,1023.0,,1
1158,25,03:00:00,-8.0,Восточный,9,,,10.0,,1023.0,,1
1159,25,03:30:00,-8.0,Восточный,10,,,10.0,,1023.0,,1
1160,25,04:00:00,-8.0,Восточный,9,,,10.0,,1023.0,,1
1161,25,04:30:00,-8.0,Восточный,8,,,10.0,,1023.0,,1
1162,25,05:00:00,-8.0,Восточный,8,,,10.0,,1023.0,,1
1163,25,05:30:00,-8.0,Восточный,8,,,10.0,,1022.0,,1
1164,25,06:00:00,-8.0,Восточный,5,,,10.0,,1022.0,,1
1165,25,06:30:00,-8.0,Восточный,5,,,10.0,,1022.0,,1
1166,25,07:00:00,-8.0,Восточный,6,,,10.0,,1022.0,,1
1167,25,07:30:00,-9.0,Восточный,5,,,10.0,,1022.0,,1
1168,25,08:00:00,-9.0,С-В,5,,,10.0,,1023.0,,1
1169,25,08:30:00,-9.0,С-В,5,,,10.0,,1023.0,,1
1170,25,09:00:00,-9.0,С-В,5,,,10.0,,1023.0,,1
1171,25,09:30:00,-11.0,С-В,5,,,10.0,,1023.0,,1
1172,25,10:00:00,-11.0,С-В,5,,,10.0,,1023.0,,1
1173,25,10:30:00,-13.0,С-В,6,,,10.0,,1024.0,,1
1174,25,11:00:00,-13.0,С-В,7,,,10.0,,1023.0,,1
1175,25,11:30:00,-13.0,С-В,7,,,10.0,,1023.0,,1
1176,25,12:00:00,-13.0,С-В,7,,,10.0,,1023.0,,1
1177,25,12:30:00,-13.0,С-В,7,,,10.0,,1023.0,,1
1178,25,13:00:00,-13.0,С-В,7,,,10.0,,1024.0,,1
1179,25,13:30:00,-13.0,С-В,6,,,10.0,,1024.0,,1
1180,25,14:00:00,-13.0,С-В,7,,,10.0,,1024.0,,1
1181,25,14:30:00,-14.0,С-В,7,,,10.0,,1024.0,,1
1182,25,15:00:00,-14.0,С-В,7,,,10.0,,1024.0,,1
1183,25,15:30:00,-14.0,С-В,7,,,10.0,,1024.0,,1
1184,25,16:00:00,-14.0,С-В,6,,,10.0,,1024.0,,1
1185,25,16:30:00,-14.0,С-В,6,,,10.0,,1024.0,,1
1186,25,17:00:00,-14.0,С-В,6,,,10.0,,1024.0,,1
1187,25,17:30:00,-15.0,С-В,6,,,10.0,,1024.0,,1
1188,25,18:00:00,-15.0,С-В,6,,,10.0,,1025.0,,1
1189,25,18:30:00,-15.0,С-В,5,,,10.0,,1025.0,,1
1190,25,19:00:00,-15.0,С-В,4,,,10.0,,1025.0,,1
1191,25,19:30:00,-15.0,С-В,5,,,10.0,,1025.0,,1
1192,25,20:00:00,-15.0,С-В,5,,,10.0,,1025.0,,1
1193,25,20:30:00,-15.0,С-В,5,,,10.0,,1025.0,,1
1194,25,21:00:00,-15.0,С-В,5,,,10.0,,1025.0,,1
1195,25,21:30:00,-15.0,С-В,5,,,10.0,,1025.0,,1
1196,25,22:00:00,-15.0,С-В,5,,,10.0,,1026.0,,1
1197,25,22:30:00,-15.0,С-В,5,,,10.0,,1026.0,,1
1198,25,23:00:00,-15.0,С-В,6,,,10.0,,1026.0,,1
1199,25,23:30:00,-16.0,С-В,7,,,10.0,,1026.0,,1
1200,26,00:00:00,-16.0,С-В,6,,,10.0,,1026.0,,1
1201,26,00:30:00,-16.0,С-В,7,,,10.0,,1026.0,,1
1202,26,01:00:00,-16.0,С-В,7,,,10.0,,1026.0,,1
1203,26,01:30:00,-16.0,С-В,7,,,10.0,,1026.0,,1
1204,26,02:00:00,-16.0,С-В,8,,,10.0,,1026.0,,1
1205,26,02:30:00,-15.0,С-В,8,,4.0,10.0,,1026.0,,1
1206,26,03:00:00,-15.0,Восточный,9,,4.0,03.Лип,,1026.0,,1
1207,26,03:30:00,-15.0,Восточный,9,,4.0,10.0,,1027.0,,1
1208,26,04:00:00,-15.0,Восточный,9,,4.0,10.0,,1027.0,,1
1209,26,04:30:00,-13.0,Восточный,9,,4.0,04.Лют,,1026.0,,1
1210,26,05:00:00,-13.0,Восточный,9,,4.0,10.0,,1026.0,,1
1211,26,05:30:00,-13.0,Восточный,9,,6.0,04.Сер,,1027.0,,1
1212,26,06:00:00,-13.0,Восточный,9,,6.0,03.Тра,,1026.0,,1
1213,26,06:30:00,-12.0,Восточный,9,,6.0,10.0,,1027.0,,1
1214,26,07:00:00,-12.0,С-В,8,,6.0,04.Бер,,1027.0,,1
1215,26,07:30:00,-12.0,С-В,9,,6.0,5.0,,1027.0,,1
1216,26,08:00:00,-12.0,С-В,9,,6.0,10.0,,1026.0,,1
1217,26,08:30:00,-12.0,С-В,9,,6.0,10.0,,1027.0,,1
1218,26,09:00:00,-12.0,С-В,8,,6.0,10.0,,1027.0,,1
1219,26,09:30:00,-13.0,С-В,8,,8.0,10.0,,1027.0,,1
1220,26,10:00:00,-13.0,С-В,8,,8.0,10.0,,1027.0,,1
1221,26,10:30:00,-13.0,С-В,8,,8.0,10.0,,1027.0,,1
1222,26,11:00:00,-13.0,С-В,8,,8.0,10.0,,1028.0,,1
1223,26,11:30:00,-13.0,С-В,9,,8.0,10.0,,1028.0,,1
1224,26,12:00:00,-13.0,Восточный,9,,8.0,10.0,,1028.0,,1
1225,26,12:30:00,-13.0,С-В,8,,8.0,10.0,,1028.0,,1
1226,26,13:00:00,-13.0,С-В,8,,8.0,10.0,,1028.0,,1
1227,26,13:30:00,-13.0,С-В,8,,8.0,10.0,,1028.0,,1
1228,26,14:00:00,-13.0,С-В,8,,8.0,10.0,,1028.0,,1
1229,26,14:30:00,-14.0,С-В,8,,8.0,10.0,,1028.0,,1
1230,26,15:00:00,-14.0,С-В,9,,8.0,10.0,,1028.0,,1
1231,26,15:30:00,-14.0,С-В,7,,4.0,10.0,,1029.0,,1
1232,26,16:00:00,-14.0,С-В,7,,4.0,10.0,,1029.0,,1
1233,26,16:30:00,-14.0,С-В,7,,4.0,10.0,,1029.0,,1
1234,26,17:00:00,-14.0,С-В,7,,4.0,10.0,,1029.0,,1
1235,26,17:30:00,-15.0,С-В,8,,4.0,10.0,,1029.0,,1
1236,26,18:00:00,-15.0,С-В,8,,4.0,10.0,,1029.0,,1
1237,26,18:30:00,-15.0,С-В,9,,6.0,10.0,,1029.0,,1
1238,26,19:00:00,-15.0,С-В,8,,6.0,10.0,,1029.0,,1
1239,26,19:30:00,-15.0,С-В,7,,,10.0,,1030.0,,1
1240,26,20:00:00,-15.0,С-В,7,,,10.0,,1029.0,,1
1241,26,20:30:00,-15.0,С-В,7,,,10.0,,1030.0,,1
1242,26,21:00:00,-15.0,С-В,8,,,10.0,,1030.0,,1
1243,26,21:30:00,-16.0,С-В,7,,,10.0,,1030.0,,1
1244,26,22:00:00,-16.0,С-В,8,,,10.0,,1030.0,,1
1245,26,22:30:00,-16.0,С-В,8,,,10.0,,1030.0,,1
1246,26,23:00:00,-16.0,С-В,6,,,10.0,,1030.0,,1
1247,26,23:30:00,-17.0,С-В,8,,2.0,10.0,,1030.0,,1
1248,27,00:00:00,-17.0,С-В,8,,2.0,10.0,,1031.0,,1
1249,27,00:30:00,-17.0,С-В,8,,2.0,10.0,,1031.0,,1
1250,27,01:00:00,-17.0,С-В,9,,2.0,10.0,,1031.0,,1
1251,27,01:30:00,-17.0,С-В,6,,2.0,10.0,,1031.0,,1
1252,27,02:00:00,-17.0,С-В,7,,2.0,10.0,,1032.0,,1
1253,27,02:30:00,-16.0,С-В,6,,,10.0,,1032.0,,1
1254,27,03:00:00,-16.0,С-В,7,,,10.0,,1032.0,,1
1255,27,03:30:00,-14.0,С-В,7,,,10.0,,1032.0,,1
1256,27,04:00:00,-14.0,С-В,8,,,10.0,,1032.0,,1
1257,27,04:30:00,-14.0,С-В,7,,6.0,10.0,,1032.0,,1
1258,27,05:00:00,-14.0,С-В,6,,6.0,10.0,,1032.0,,1
1259,27,05:30:00,-14.0,С-В,6,,6.0,10.0,,1032.0,,1
1260,27,06:00:00,-14.0,С-В,6,,6.0,10.0,,1032.0,,1
1261,27,06:30:00,-12.0,С-В,7,,,10.0,,1032.0,,1
1262,27,07:00:00,-12.0,С-В,7,,,10.0,,1032.0,,1
1263,27,07:30:00,-12.0,С-В,7,,,10.0,,1032.0,,1
1264,27,08:00:00,-13.0,С-В,7,,,10.0,,1032.0,,1
1265,27,08:30:00,-13.0,С-В,7,,,10.0,,1033.0,,1
1266,27,09:00:00,-13.0,С-В,7,,,10.0,,1033.0,,1
1267,27,09:30:00,-13.0,С-В,6,,,10.0,,1033.0,,1
1268,27,10:00:00,-14.0,С-В,6,,,10.0,,1033.0,,1
1269,27,10:30:00,-14.0,С-В,7,,,10.0,,1034.0,,1
1270,27,11:00:00,-14.0,С-В,6,,,10.0,,1034.0,,1
1271,27,11:30:00,-14.0,С-В,6,,,10.0,,1034.0,,1
1272,27,12:00:00,-14.0,С-В,4,,,10.0,,1034.0,,1
1273,27,12:30:00,-14.0,С-В,5,,,10.0,,1034.0,,1
1274,27,13:00:00,-14.0,С-В,5,,,10.0,,1034.0,,1
1275,27,13:30:00,-14.0,С-В,5,,,10.0,,1034.0,,1
1276,27,14:00:00,-15.0,С-В,4,,,10.0,,1034.0,,1
1277,27,14:30:00,-15.0,С-В,4,,,10.0,,1034.0,,1
1278,27,15:00:00,-15.0,С-В,5,,,10.0,,1035.0,,1
1279,27,15:30:00,-15.0,С-В,3,,,10.0,,1035.0,,1
1280,27,16:00:00,-15.0,С-В,4,,,10.0,,1035.0,,1
1281,27,16:30:00,-15.0,С-В,4,,,10.0,,1035.0,,1
1282,27,17:00:00,-16.0,С-В,5,,,10.0,,1035.0,,1
1283,27,17:30:00,-16.0,С-В,4,,,10.0,,1035.0,,1
1284,27,18:00:00,-16.0,С-В,4,,,10.0,,1035.0,,1
1285,27,18:30:00,-16.0,С-В,4,,,10.0,,1035.0,,1
1286,27,19:00:00,-16.0,С-В,3,,,10.0,,1035.0,,1
1287,27,19:30:00,-16.0,Северный,4,,,10.0,,1035.0,,1
1288,27,20:00:00,-16.0,Северный,4,,,10.0,,1035.0,,1
1289,27,20:30:00,-16.0,Северный,3,,,10.0,,1035.0,,1
1290,27,21:00:00,-17.0,Северный,3,,,10.0,,1035.0,,1
1291,27,21:30:00,-17.0,Северный,3,,,10.0,,1035.0,,1
1292,27,22:00:00,-18.0,Северный,3,,,10.0,,1035.0,,1
1293,27,22:30:00,-18.0,Северный,4,,,10.0,,1036.0,,1
1294,27,23:00:00,-18.0,Северный,4,,,10.0,,1036.0,,1
1295,27,23:30:00,-18.0,Северный,4,,,10.0,,1036.0,,1
1296,28,00:00:00,-19.0,Северный,4,,,10.0,,1036.0,,1
1297,28,00:30:00,-19.0,Северный,3,,,10.0,,1036.0,,1
1298,28,01:00:00,-18.0,Северный,3,,,10.0,,1036.0,,1
1299,28,01:30:00,-18.0,Северный,4,,,10.0,,1036.0,,1
1300,28,02:00:00,-17.0,Северный,4,,,10.0,,1036.0,,1
1301,28,02:30:00,-17.0,Северный,4,,,10.0,,1036.0,,1
1302,28,03:00:00,-16.0,Северный,4,,,10.0,,1036.0,,1
1303,28,03:30:00,-16.0,Северный,5,,,10.0,,1035.0,,1
1304,28,04:00:00,-15.0,Северный,6,,,10.0,,1035.0,,1
1305,28,04:30:00,-15.0,Северный,5,,,10.0,,1035.0,,1
1306,28,05:00:00,-14.0,Северный,6,,,10.0,,1034.0,,1
1307,28,05:30:00,-14.0,Северный,5,,,10.0,,1034.0,,1
1308,28,06:00:00,-13.0,Северный,6,,,10.0,,1034.0,,1
1309,28,06:30:00,-13.0,Северный,6,,,10.0,,1034.0,,1
1310,28,07:00:00,-12.0,Северный,5,,,10.0,,1034.0,,1
1311,28,07:30:00,-12.0,Северный,3,,,10.0,,1033.0,,1
1312,28,08:00:00,-12.0,Северный,3,,,10.0,,1033.0,,1
1313,28,08:30:00,-12.0,Северный,6,,,10.0,,1033.0,,1
1314,28,09:00:00,-13.0,Северный,7,,,10.0,,1033.0,,1
1315,28,09:30:00,-13.0,Северный,6,,,10.0,,1033.0,,1
1316,28,10:00:00,-14.0,Северный,4,,,10.0,,1033.0,,1
1317,28,10:30:00,-14.0,Северный,5,,,10.0,,1033.0,,1
1318,28,11:00:00,-14.0,Северный,7,,,10.0,,1033.0,,1
1319,28,11:30:00,-14.0,Северный,7,,,10.0,,1033.0,,1
1320,28,12:00:00,-15.0,Северный,6,,,10.0,,1033.0,,1
1321,28,12:30:00,-15.0,Северный,6,,,10.0,,1033.0,,1
1322,28,13:00:00,-15.0,Северный,6,,,10.0,,1033.0,,1
1323,28,13:30:00,-15.0,Северный,6,,,10.0,,1033.0,,1
1324,28,14:00:00,-16.0,Северный,5,,,10.0,,1033.0,,1
1325,28,14:30:00,-16.0,Северный,5,,,10.0,,1033.0,,1
1326,28,15:00:00,-17.0,Северный,4,,,10.0,,1033.0,,1
1327,28,15:30:00,-17.0,Северный,5,,,10.0,,1033.0,,1
1328,28,16:00:00,-18.0,Северный,4,,,10.0,,1033.0,,1
1329,28,16:30:00,-18.0,Северный,4,,,10.0,,1033.0,,1
1330,28,17:00:00,-18.0,Северный,4,,,10.0,,1033.0,,1
1331,28,17:30:00,-18.0,Северный,5,,,10.0,,1033.0,,1
1332,28,18:00:00,-17.0,Северный,5,,,10.0,,1033.0,,1
1333,28,18:30:00,-17.0,С-В,5,,,10.0,,1032.0,,1
1334,28,19:00:00,-17.0,С-В,4,,,10.0,,1032.0,,1
1335,28,19:30:00,-17.0,С-В,3,,,10.0,,1032.0,,1
1336,28,20:00:00,-17.0,С-В,3,,,10.0,,1032.0,,1
1337,28,20:30:00,-17.0,Северный,4,,,10.0,,1032.0,,1
1338,28,21:00:00,-18.0,Северный,4,,,10.0,,1032.0,,1
1339,28,21:30:00,-18.0,Северный,4,,,10.0,,1032.0,,1
1340,28,22:00:00,-18.0,Северный,3,,,10.0,,1032.0,,1
1341,28,22:30:00,-18.0,Северный,4,,,10.0,,1032.0,,1
1342,28,23:00:00,-18.0,Северный,3,,,10.0,,1032.0,,1
1343,28,23:30:00,-18.0,Северный,3,,,10.0,,1032.0,,1
1344,29,00:00:00,-18.0,Северный,3,,,10.0,,1032.0,,1
1345,29,00:30:00,-18.0,Северный,4,,,10.0,,1032.0,,1
1346,29,01:00:00,-17.0,Северный,4,,,10.0,,1032.0,,1
1347,29,01:30:00,-17.0,Северный,4,,,10.0,,1032.0,,1
1348,29,02:00:00,-16.0,Северный,5,,,10.0,,1031.0,,1
1349,29,02:30:00,-16.0,С-В,5,,,10.0,,1031.0,,1
1350,29,03:00:00,-14.0,Северный,5,,,10.0,,1031.0,,1
1351,29,03:30:00,-14.0,Северный,5,,,10.0,,1031.0,,1
1352,29,04:00:00,-13.0,Северный,5,,,10.0,,1031.0,,1
1353,29,04:30:00,-13.0,С-В,5,,,10.0,,1031.0,,1
1354,29,05:00:00,-11.0,С-В,5,,,10.0,,1031.0,,1
1355,29,05:30:00,-11.0,С-В,5,,,10.0,,1031.0,,1
1356,29,06:00:00,-10.0,С-В,5,,,10.0,,1031.0,,1
1357,29,06:30:00,-10.0,С-В,5,,,10.0,,1031.0,,1
1358,29,07:00:00,-10.0,С-В,6,,2.0,10.0,,1031.0,630.0,1
1359,29,07:30:00,-10.0,С-В,5,,4.0,10.0,,1032.0,630.0,1
1360,29,08:00:00,-11.0,С-В,4,,4.0,10.0,,1032.0,690.0,1
1361,29,08:30:00,-12.0,С-В,4,,2.0,10.0,,1032.0,690.0,1
1362,29,09:00:00,-12.0,С-В,4,,,10.0,,1032.0,,1
1363,29,09:30:00,-13.0,С-В,4,,,10.0,,1033.0,,1
1364,29,10:00:00,-13.0,Северный,5,,,10.0,,1033.0,,1
1365,29,10:30:00,-13.0,С-В,5,,,10.0,,1033.0,,1
1366,29,11:00:00,-13.0,С-В,4,,,10.0,,1033.0,,1
1367,29,11:30:00,-13.0,С-В,4,,2.0,10.0,,1033.0,780.0,1
1368,29,12:00:00,-13.0,С-В,4,,2.0,10.0,,1033.0,780.0,1
1369,29,12:30:00,-13.0,С-В,3,,,10.0,,1033.0,,1
1370,29,13:00:00,-13.0,С-В,4,,,10.0,,1033.0,,1
1371,29,13:30:00,-13.0,С-В,4,,,10.0,,1033.0,,1
1372,29,14:00:00,-13.0,С-В,4,,,10.0,,1033.0,,1
1373,29,14:30:00,-14.0,С-В,4,,,10.0,,1033.0,,1
1374,29,15:00:00,-14.0,С-В,4,,,10.0,,1033.0,,1
1375,29,15:30:00,-14.0,С-В,5,,,10.0,,1033.0,,1
1376,29,16:00:00,-14.0,С-В,4,,,10.0,,1033.0,,1
1377,29,16:30:00,-15.0,С-В,4,,,10.0,,1033.0,,1
1378,29,17:00:00,-15.0,С-В,5,,,10.0,,1033.0,,1
1379,29,17:30:00,-15.0,С-В,4,,,10.0,,1034.0,,1
1380,29,18:00:00,-15.0,С-В,5,,,10.0,,1033.0,,1
1381,29,18:30:00,-15.0,С-В,7,,,10.0,,1033.0,,1
1382,29,19:00:00,-15.0,С-В,6,,,10.0,,1033.0,,1
1383,29,19:30:00,-16.0,С-В,5,,,10.0,,1033.0,,1
1384,29,20:00:00,-16.0,С-В,7,,,10.0,,1033.0,,1
1385,29,20:30:00,-16.0,С-В,7,,,10.0,,1033.0,,1
1386,29,21:00:00,-16.0,С-В,7,,,10.0,,1033.0,,1
1387,29,21:30:00,-16.0,С-В,7,,,10.0,,1033.0,,1
1388,29,22:00:00,-16.0,С-В,8,,,10.0,,1033.0,,1
1389,29,22:30:00,-16.0,С-В,8,,,10.0,,1033.0,,1
1390,29,23:00:00,-16.0,С-В,7,,,10.0,,1033.0,,1
1391,29,23:30:00,-15.0,С-В,7,,,10.0,,1034.0,,1
1392,30,00:00:00,-15.0,С-В,7,,,10.0,,1034.0,,1
1393,30,00:30:00,-15.0,С-В,8,,,10.0,,1034.0,,1
1394,30,01:00:00,-15.0,С-В,7,,,10.0,,1034.0,,1
1395,30,01:30:00,-15.0,С-В,7,,,10.0,,1034.0,,1
1396,30,02:00:00,-14.0,С-В,7,,,10.0,,1033.0,,1
1397,30,02:30:00,-14.0,С-В,7,,,10.0,,1033.0,,1
1398,30,03:00:00,-13.0,С-В,7,,,10.0,,1033.0,,1
1399,30,03:30:00,-13.0,С-В,8,,,10.0,,1033.0,,1
1400,30,04:00:00,-12.0,С-В,8,,,10.0,,1033.0,,1
1401,30,04:30:00,-12.0,Северный,8,,,10.0,,1032.0,,1
1402,30,05:00:00,-12.0,С-В,7,,,10.0,,1033.0,,1
1403,30,05:30:00,-12.0,Северный,7,,,10.0,,1032.0,,1
1404,30,06:00:00,-11.0,С-В,8,,,10.0,,1032.0,,1
1405,30,06:30:00,-11.0,Северный,8,,,10.0,,1032.0,,1
1406,30,07:00:00,-12.0,Северный,8,,,10.0,,1032.0,,1
1407,30,07:30:00,-12.0,Северный,9,,,10.0,,1032.0,,1
1408,30,08:00:00,-12.0,Северный,8,,,10.0,,1032.0,,1
1409,30,08:30:00,-12.0,С-В,9,,,10.0,,1032.0,,1
1410,30,09:00:00,-12.0,Северный,8,,,10.0,,1032.0,,1
1411,30,09:30:00,-12.0,С-В,7,,,10.0,,1032.0,,1
1412,30,10:00:00,-11.0,С-В,7,,,10.0,,1032.0,,1
1413,30,10:30:00,-11.0,С-В,7,,,10.0,,1032.0,,1
1414,30,11:00:00,-11.0,С-В,8,,,10.0,,1033.0,,1
1415,30,11:30:00,-11.0,С-В,8,,,10.0,,1033.0,,1
1416,30,12:00:00,-11.0,С-В,8,,,10.0,,1033.0,,1
1417,30,12:30:00,-11.0,С-В,8,,,10.0,,1032.0,,1
1418,30,13:00:00,-13.0,С-В,7,,,10.0,,1033.0,,1
1419,30,13:30:00,-13.0,С-В,6,,,10.0,,1032.0,,1
1420,30,14:00:00,-13.0,С-В,6,,,10.0,,1032.0,,1
1421,30,14:30:00,-13.0,С-В,6,,,10.0,,1032.0,,1
1422,30,15:00:00,-14.0,С-В,6,,,10.0,,1033.0,,1
1423,30,15:30:00,-14.0,С-В,6,,,10.0,,1032.0,,1
1424,30,16:00:00,-14.0,С-В,6,,,10.0,,1032.0,,1
1425,30,16:30:00,-14.0,С-В,6,,,10.0,,1032.0,,1
1426,30,17:00:00,-15.0,С-В,7,,,10.0,,1032.0,,1
1427,30,17:30:00,-15.0,С-В,6,,,10.0,,1032.0,,1
1428,30,18:00:00,-16.0,С-В,7,,,10.0,,1032.0,,1
1429,30,18:30:00,-16.0,С-В,6,,,10.0,,1032.0,,1
1430,30,19:00:00,-16.0,С-В,6,,,10.0,,1032.0,,1
1431,30,19:30:00,-16.0,С-В,6,,,10.0,,1032.0,,1
1432,30,20:00:00,-17.0,С-В,7,,,10.0,,1032.0,,1
1433,30,20:30:00,-17.0,С-В,7,,,10.0,,1032.0,,1
1434,30,21:00:00,-17.0,С-В,7,,,10.0,,1032.0,,1
1435,30,21:30:00,-17.0,С-В,7,,,10.0,,1032.0,,1
1436,30,22:00:00,-18.0,С-В,7,,,10.0,,1032.0,,1
1437,30,22:30:00,-18.0,С-В,8,,,10.0,,1032.0,,1
1438,30,23:00:00,-18.0,С-В,6,,,10.0,,1032.0,,1
1439,30,23:30:00,-18.0,С-В,6,,,10.0,,1032.0,,1
1440,31,00:00:00,-18.0,С-В,6,,,10.0,,1032.0,,1
1441,31,00:30:00,-18.0,С-В,7,,,10.0,,1032.0,,1
1442,31,01:00:00,-17.0,С-В,8,,,10.0,,1032.0,,1
1443,31,01:30:00,-17.0,С-В,8,,,10.0,,1032.0,,1
1444,31,02:00:00,-16.0,С-В,8,,,10.0,,1032.0,,1
1445,31,02:30:00,-16.0,С-В,7,,,10.0,,1032.0,,1
1446,31,03:00:00,-15.0,С-В,7,,,10.0,,1032.0,,1
1447,31,03:30:00,-15.0,С-В,8,,,10.0,,1031.0,,1
1448,31,04:00:00,-15.0,С-В,7,,,10.0,,1031.0,,1
1449,31,04:30:00,-15.0,С-В,8,,,10.0,,1031.0,,1
1450,31,05:00:00,-14.0,С-В,8,,,10.0,,1031.0,,1
1451,31,05:30:00,-14.0,Северный,8,,,10.0,,1031.0,,1
1452,31,06:00:00,-14.0,С-В,8,,,10.0,,1031.0,,1
1453,31,06:30:00,-14.0,С-В,8,,,10.0,,1031.0,,1
1454,31,07:00:00,-15.0,С-В,7,,,10.0,,1031.0,,1
1455,31,07:30:00,-15.0,С-В,7,,,10.0,,1031.0,,1
1456,31,08:00:00,-16.0,Северный,8,,,10.0,,1032.0,,1
1457,31,08:30:00,-16.0,С-В,7,,,10.0,,1032.0,,1
1458,31,09:00:00,-16.0,С-В,7,,,10.0,,1032.0,,1
1459,31,09:30:00,-16.0,С-В,8,,,10.0,,1032.0,,1
1460,31,10:00:00,-17.0,С-В,8,,,10.0,,1032.0,,1
1461,31,10:30:00,-17.0,С-В,8,,,10.0,,1032.0,,1
1462,31,11:00:00,-17.0,С-В,8,,,10.0,,1031.0,,1
1463,31,11:30:00,-17.0,С-В,7,,,10.0,,1032.0,,1
1464,31,12:00:00,-17.0,С-В,7,,,10.0,,1032.0,,1
1465,31,12:30:00,-17.0,С-В,6,,,10.0,,1032.0,,1
1466,31,13:00:00,-18.0,С-В,6,,,10.0,,1032.0,,1
1467,31,13:30:00,-18.0,С-В,5,,,10.0,,1032.0,,1
1468,31,14:00:00,-19.0,С-В,6,,,10.0,,1032.0,,1
1469,31,14:30:00,-19.0,С-В,5,,,10.0,,1032.0,,1
1470,31,15:00:00,-19.0,С-В,7,,,10.0,,1032.0,,1
1471,31,15:30:00,-19.0,С-В,7,,,10.0,,1032.0,,1
1472,31,16:00:00,-19.0,С-В,5,,,10.0,,1031.0,,1
1473,31,16:30:00,-19.0,Северный,6,,,10.0,,1032.0,,1
1474,31,17:00:00,-19.0,С-В,6,,,10.0,,1032.0,,1
1475,31,17:30:00,-19.0,С-В,6,,,10.0,,1032.0,,1
1476,31,18:00:00,-19.0,С-В,6,,,10.0,,1032.0,,1
1477,31,18:30:00,-19.0,С-В,6,,,10.0,,1032.0,,1
1478,31,19:00:00,-19.0,С-В,6,,,10.0,,1032.0,,1
1479,31,19:30:00,-19.0,Северный,6,,,10.0,,1032.0,,1
1480,31,20:00:00,-19.0,С-В,6,,,10.0,,1032.0,,1
1481,31,20:30:00,-19.0,С-В,6,,,10.0,,1032.0,,1
1482,31,21:00:00,-19.0,С-В,6,,,10.0,,1032.0,,1
1483,31,21:30:00,-19.0,С-В,6,,,10.0,,1032.0,,1
1484,31,22:00:00,-19.0,С-В,6,,,10.0,,1032.0,,1
1485,31,22:30:00,-19.0,С-В,6,,,10.0,,1032.0,,1
1486,31,23:00:00,-19.0,С-В,6,,,10.0,,1032.0,,1
1487,31,23:30:00,-19.0,С-В,6,,,10.0,,1032.0,,1
